year,month,day,week,mean_temperature,max_temperature,max_temperature_time,min_temperature,min_temperature_time,sum_rainfall,mean_cloudage,mean_wind_speed,mean_humidity
2016,1,1,金,7.1,12.5,13:42,3.3,07:42,0,1.0,2.2,63
2016,1,2,土,9.5,15.1,14:51,2.9,01:34,0.0,8.5,2.1,64
2016,1,3,日,10.4,14.9,12:01,6.8,06:44,0.0,4.8,1.1,78
2016,1,4,月,11.7,16.8,12:44,6.0,02:01,0,8.0,2.8,69
2016,1,5,火,9.4,12.9,11:42,6.9,06:13,0.0,8.5,1.9,69
2016,1,6,水,9.4,11.9,13:06,6.1,07:23,0,10.0,2.1,66
2016,1,7,木,9.2,12.6,13:26,6.7,23:52,0,6.5,3.3,54
2016,1,8,金,7.3,10.2,13:42,5.7,05:27,0.5,10.0,3.0,64
2016,1,9,土,7.4,10.6,12:27,3.6,07:37,0.0,5.5,3.0,49
2016,1,10,日,7.7,12.6,12:45,3.5,07:03,0,5.0,3.0,54
2016,1,11,月,8.1,11.8,13:53,4.4,05:11,0,8.8,2.5,56
2016,1,12,火,7.6,9.9,14:22,5.3,0:00,0.0,9.8,2.0,59
2016,1,13,水,5.9,8.8,11:49,3.9,07:49,0.5,8.8,3.0,71
2016,1,14,木,5.4,10.0,12:13,1.6,06:17,0.0,6.3,3.1,62
2016,1,15,金,4.6,9.3,13:06,1.2,04:57,0,4.8,2.5,65
2016,1,16,土,4.7,10.2,13:55,0.0,07:15,0,0.0,1.8,59
2016,1,17,日,5.9,9.3,11:42,0.8,07:08,0.5,9.3,2.4,68
2016,1,18,月,7.9,12.3,13:59,4.1,0:00,2.0,10.0,6.5,70
2016,1,19,火,2.9,5.2,13:58,0.2,22:11,0.0,8.8,7.4,48
2016,1,20,水,4.5,8.8,14:59,0.9,02:17,0.0,4.5,5.9,54
2016,1,21,木,4.8,8.1,12:22,1.2,07:54,0.0,8.0,1.6,71
2016,1,22,金,5.9,9.7,13:29,4.3,03:32,0.0,10.0,2.5,66
2016,1,23,土,4.0,9.7,12:18,1.2,07:20,0.0,10.0,2.8,66
2016,1,24,日,-1.2,1.9,00:11,-2.5,22:42,0.0,8.3,4.8,47
2016,1,25,月,2.1,6.4,13:57,-1.6,00:45,0.0,7.8,4.7,60
2016,1,26,火,4.1,6.7,12:13,1.4,03:17,1.0,10.0,2.5,79
2016,1,27,水,7.8,10.6,15:47,4.0,23:54,0.0,7.3,3.6,54
2016,1,28,木,6.5,10.5,12:15,1.2,05:11,2.0,6.3,1.2,81
2016,1,29,金,8.5,9.8,13:27,7.9,05:04,31.0,10.0,1.7,93
2016,1,30,土,8.1,10.1,13:21,4.9,0:00,9.5,9.3,1.6,80
2016,1,31,日,7.1,12.1,15:21,2.3,07:08,0.0,5.5,1.9,75
2016,2,1,月,7.6,10.5,14:09,5.7,07:49,0.0,9.8,3.2,67
2016,2,2,火,6.6,9.6,13:24,4.5,07:31,0.0,9.0,2.6,61
2016,2,3,水,5.3,9.4,15:25,2.3,23:39,0.0,5.3,1.3,66
2016,2,4,木,6.8,10.8,15:10,2.3,00:51,0,7.8,2.8,61
2016,2,5,金,6.8,11.1,12:14,2.6,06:41,0,7.0,2.2,61
2016,2,6,土,6.0,9.2,14:16,3.6,23:57,0,5.3,3.5,55
2016,2,7,日,4.2,8.0,14:55,0.6,23:54,0.0,5.0,2.2,61
2016,2,8,月,4.7,10.3,14:48,-1.8,06:39,0.0,1.0,2.3,61
2016,2,9,火,8.0,11.9,10:58,4.6,23:56,0.0,6.0,5.0,45
2016,2,10,水,5.8,11.1,15:04,1.5,06:49,0,0.8,2.2,52
2016,2,11,木,5.8,11.3,13:32,0.2,06:35,0,5.0,1.5,59
2016,2,12,金,8.4,13.5,13:27,1.4,07:00,0.0,8.8,1.3,74
2016,2,13,土,12.7,16.1,11:08,8.9,06:52,17.5,10.0,1.1,91
2016,2,14,日,13.5,17.6,12:00,9.3,0:00,8.5,9.3,4.8,74
2016,2,15,月,5.7,9.3,00:12,2.5,23:52,0.5,8.5,5.8,55
2016,2,16,火,4.4,8.4,13:16,1.0,07:16,0.0,5.8,4.5,55
2016,2,17,水,6.4,9.8,15:06,2.1,23:58,0.0,7.0,4.3,53
2016,2,18,木,4.5,9.5,16:07,-1.0,06:34,0,3.0,1.7,65
2016,2,19,金,8.6,15.5,13:02,1.1,04:57,0,5.3,1.9,62
2016,2,20,土,8.6,9.5,04:35,7.7,14:06,15.5,10.0,2.9,85
2016,2,21,日,7.6,10.8,14:25,4.6,23:46,0.0,6.8,4.2,50
2016,2,22,月,5.5,9.0,12:33,0.9,04:57,0,9.5,1.8,51
2016,2,23,火,7.7,10.3,13:12,5.7,07:19,0.0,8.0,2.7,68
2016,2,24,水,5.8,8.5,13:07,3.8,23:58,0.0,10.0,2.6,61
2016,2,25,木,5.0,9.4,14:13,1.8,07:11,0.0,5.0,3.0,51
2016,2,26,金,5.2,10.4,14:20,-0.2,05:23,0,5.0,3.1,51
2016,2,27,土,7.0,12.3,13:25,1.3,06:49,0.0,7.5,1.7,64
2016,2,28,日,8.8,15.3,14:36,3.1,06:12,0,1.3,1.5,79
2016,2,29,月,6.3,10.4,06:43,1.9,0:00,3.0,8.0,4.3,66
2016,3,1,火,3.5,7.6,15:33,-0.7,06:16,0,4.5,3.3,54
2016,3,2,水,7.0,12.3,15:35,1.5,06:43,0,4.0,3.2,52
2016,3,3,木,9.7,17.0,15:55,2.5,06:52,0,0.0,2.0,53
2016,3,4,金,9.4,13.5,15:29,4.5,03:06,0,8.0,1.2,68
2016,3,5,土,11.9,17.9,14:27,5.9,05:57,0,1.5,1.4,75
2016,3,6,日,14.1,20.1,15:09,8.6,06:12,0.0,8.0,1.2,76
2016,3,7,月,16.0,22.4,16:06,12.1,02:47,0,6.0,1.4,80
2016,3,8,火,15.2,20.7,15:11,10.7,05:27,0.0,5.0,2.4,71
2016,3,9,水,8.7,13.2,00:16,7.4,09:34,42.5,10.0,2.6,86
2016,3,10,木,7.9,10.2,15:44,6.9,0:00,0.0,10.0,2.3,61
2016,3,11,金,7.4,10.5,15:31,5.7,04:56,0.0,9.3,2.5,59
2016,3,12,土,7.5,11.7,16:00,4.4,06:40,0.0,4.5,1.9,52
2016,3,13,日,8.0,11.5,14:31,5.4,06:20,3.5,10.0,1.7,68
2016,3,14,月,7.0,9.5,17:47,5.7,12:03,19.0,8.5,2.0,80
2016,3,15,火,8.4,13.6,14:53,4.6,06:34,0,2.8,2.5,53
2016,3,16,水,8.6,13.8,15:40,4.6,05:27,0,10.0,1.4,69
2016,3,17,木,11.4,19.0,16:29,3.9,06:32,0,3.5,1.4,67
2016,3,18,金,11.9,15.1,14:37,8.1,06:04,5.0,10.0,1.2,80
2016,3,19,土,14.4,19.2,12:10,10.9,0:00,2.0,10.0,2.6,81
2016,3,20,日,11.2,16.9,13:49,7.7,0:00,0,2.3,3.3,49
2016,3,21,月,10.1,15.7,15:19,6.0,06:44,0,1.5,2.3,46
2016,3,22,火,10.5,18.5,16:26,3.2,06:23,0,1.3,1.7,52
2016,3,23,水,12.4,19.1,16:27,6.9,06:24,0.0,9.8,2.0,53
2016,3,24,木,9.6,12.8,13:44,6.7,23:59,0.0,7.5,3.6,47
2016,3,25,金,8.0,12.6,14:09,3.9,06:42,0,6.3,2.8,44
2016,3,26,土,7.7,13.5,16:02,1.8,06:06,0,1.3,1.6,48
2016,3,27,日,9.7,14.8,13:51,4.2,05:52,0.0,6.0,2.3,57
2016,3,28,月,11.3,17.6,14:28,5.3,06:10,0,3.8,2.8,56
2016,3,29,火,12.3,18.4,13:12,5.3,06:07,0,5.8,1.8,56
2016,3,30,水,14.9,20.9,15:15,9.0,05:31,0,9.8,2.6,58
2016,3,31,木,15.1,19.6,12:55,9.8,05:49,0.5,8.8,1.7,70
2016,4,1,金,14.0,16.5,15:28,12.6,0:00,6.0,10.0,3.7,87
2016,4,2,土,15.6,21.3,14:14,9.9,06:14,0,5.5,1.6,74
2016,4,3,日,16.9,23.2,13:17,12.6,03:22,3.5,8.5,2.4,79
2016,4,4,月,15.6,19.1,15:12,12.6,23:20,12.0,10.0,1.7,87
2016,4,5,火,13.9,18.1,15:48,10.5,23:59,0.0,7.5,1.7,65
2016,4,6,水,14.9,20.8,15:17,8.9,05:46,0.0,10.0,1.8,61
2016,4,7,木,16.0,20.8,17:05,12.9,03:59,20.5,10.0,2.2,89
2016,4,8,金,16.1,20.6,16:32,12.5,23:49,0,5.8,2.0,71
2016,4,9,土,16.9,23.6,15:40,10.9,05:02,0,9.8,1.4,61
2016,4,10,日,16.4,20.5,15:33,12.3,05:32,0,9.8,1.2,68
2016,4,11,月,12.4,16.8,01:35,7.5,23:56,0,6.3,4.0,52
2016,4,12,火,10.4,14.6,14:46,5.6,06:09,0,6.3,2.0,55
2016,4,13,水,14.6,19.6,13:16,8.6,05:18,6.0,10.0,1.7,81
2016,4,14,木,18.9,25.5,14:55,14.2,05:51,0.0,6.0,2.4,72
2016,4,15,金,16.3,21.4,15:52,12.6,05:56,0,0.3,2.2,46
2016,4,16,土,16.1,22.5,14:44,8.2,05:37,0,6.0,1.8,55
2016,4,17,日,20.6,26.4,12:15,15.8,06:48,4.0,4.5,4.9,55
2016,4,18,月,15.6,17.8,14:45,12.5,0:00,0.0,10.0,4.4,51
2016,4,19,火,16.0,21.6,15:59,9.4,03:15,0,0.0,4.1,49
2016,4,20,水,15.5,21.0,15:18,8.5,05:37,0,3.3,2.0,62
2016,4,21,木,15.9,17.4,16:40,14.4,10:43,19.0,10.0,1.4,89
2016,4,22,金,20.4,25.8,15:16,16.2,00:27,0,5.8,2.9,64
2016,4,23,土,18.0,24.6,11:56,13.8,04:42,4.5,10.0,1.7,68
2016,4,24,日,17.0,20.9,16:19,13.9,06:17,0.0,10.0,1.5,68
2016,4,25,月,16.9,20.9,17:07,11.5,05:27,0,8.3,1.7,61
2016,4,26,火,18.9,26.1,14:23,12.3,05:32,0,5.3,1.8,69
2016,4,27,水,17.3,18.3,11:05,16.6,17:23,7.5,10.0,3.7,89
2016,4,28,木,16.0,21.2,13:48,12.5,0:00,1.5,10.0,3.3,82
2016,4,29,金,13.8,18.1,15:16,10.1,0:00,0,4.8,3.1,55
2016,4,30,土,16.0,24.4,16:01,7.5,04:52,0,0.0,2.0,54
2016,5,1,日,20.1,28.1,15:59,11.3,05:26,0,1.3,2.1,47
2016,5,2,月,20.0,26.4,15:16,13.4,05:32,0,5.5,1.9,60
2016,5,3,火,19.0,23.0,15:26,14.3,04:47,4.0,10.0,2.9,69
2016,5,4,水,21.6,26.1,14:29,16.1,04:59,0,0.3,7.3,34
2016,5,5,木,21.9,26.5,14:41,17.5,23:33,0,5.0,4.8,30
2016,5,6,金,17.4,18.5,14:38,16.4,05:39,1.5,10.0,1.4,71
2016,5,7,土,19.8,25.2,16:19,16.5,05:41,0,10.0,2.5,69
2016,5,8,日,19.3,24.8,13:00,12.3,05:16,0,10.0,2.0,45
2016,5,9,月,16.2,18.7,00:16,14.7,08:50,23.0,10.0,2.1,89
2016,5,10,火,17.9,19.4,18:56,16.0,04:46,2.5,10.0,1.5,95
2016,5,11,水,18.5,21.2,13:22,14.2,23:57,4.5,9.3,3.6,76
2016,5,12,木,18.2,25.4,15:56,11.8,05:45,0,0.0,1.9,61
2016,5,13,金,20.0,27.1,15:25,12.9,04:51,0,3.0,1.8,63
2016,5,14,土,21.3,26.8,16:14,15.8,05:21,0,8.0,2.1,59
2016,5,15,日,21.6,28.0,12:57,16.8,05:31,0,8.0,1.9,67
2016,5,16,月,20.6,27.8,11:43,14.8,23:48,34.5,9.8,3.0,79
2016,5,17,火,18.9,25.5,15:29,14.2,06:06,0.0,5.3,2.2,58
2016,5,18,水,19.9,26.9,16:09,12.4,05:32,0,2.3,2.0,50
2016,5,19,木,20.6,26.8,16:04,13.9,05:15,0,9.0,1.7,55
2016,5,20,金,22.2,28.2,16:04,17.4,05:29,0,3.0,1.9,57
2016,5,21,土,22.8,30.1,16:19,16.3,05:14,0,4.0,1.6,53
2016,5,22,日,21.7,26.3,16:33,16.2,04:33,0,7.8,2.0,59
2016,5,23,月,23.3,30.3,15:54,17.1,05:38,0,5.8,1.9,56
2016,5,24,火,22.7,27.1,11:02,16.6,05:23,0,9.3,1.7,55
2016,5,25,水,21.7,24.7,13:06,19.3,05:35,0.0,10.0,1.8,79
2016,5,26,木,23.5,29.7,13:25,20.6,02:49,4.0,10.0,2.0,85
2016,5,27,金,24.2,29.2,16:09,21.1,05:36,0.0,8.0,1.8,65
2016,5,28,土,21.1,22.6,00:58,19.7,23:18,0.0,10.0,2.0,70
2016,5,29,日,20.9,23.6,15:38,19.4,05:53,7.5,10.0,2.2,87
2016,5,30,月,22.1,28.0,16:26,18.2,03:26,3.0,8.5,1.9,81
2016,5,31,火,24.4,30.9,15:45,17.7,05:14,0,4.3,3.2,60
2016,6,1,水,21.9,27.0,14:49,17.2,0:00,0,7.0,2.6,49
2016,6,2,木,20.0,26.0,15:46,14.2,05:06,0,0.8,2.4,51
2016,6,3,金,21.0,27.1,15:06,14.4,05:21,0,3.0,2.1,56
2016,6,4,土,20.3,25.1,14:33,17.3,0:00,6.0,8.5,2.5,69
2016,6,5,日,18.5,21.7,16:04,16.2,02:03,15.0,9.8,3.4,87
2016,6,6,月,21.7,25.9,15:15,17.4,03:30,0,10.0,2.0,73
2016,6,7,火,20.3,22.2,00:25,18.6,10:00,42.5,10.0,2.5,89
2016,6,8,水,22.1,27.0,15:28,17.6,05:10,0,9.5,2.1,80
2016,6,9,木,22.8,27.4,15:31,20.5,04:49,4.5,9.5,1.6,82
2016,6,10,金,25.2,29.7,17:04,21.1,05:20,0,3.3,1.9,65
2016,6,11,土,24.9,29.6,14:23,21.3,05:31,0,7.8,2.0,75
2016,6,12,日,23.0,27.3,12:13,21.1,23:56,32.5,10.0,3.3,88
2016,6,13,月,22.8,26.0,17:22,20.5,05:10,12.0,10.0,1.9,87
2016,6,14,火,25.1,30.7,14:22,19.7,04:00,0,4.3,1.9,69
2016,6,15,水,25.9,30.7,13:33,21.2,04:14,0,8.3,1.9,70
2016,6,16,木,24.0,27.4,10:08,22.3,21:00,7.5,10.0,2.0,84
2016,6,17,金,24.7,28.4,13:32,22.1,23:36,0,9.5,4.7,63
2016,6,18,土,25.4,31.2,14:59,19.5,05:04,0,9.0,1.9,62
2016,6,19,日,22.7,25.3,14:11,20.9,07:44,26.0,10.0,1.7,89
2016,6,20,月,24.6,29.2,14:03,21.6,00:25,0.5,10.0,2.0,84
2016,6,21,火,25.2,30.4,13:33,20.8,04:42,41.0,10.0,2.4,80
2016,6,22,水,23.7,25.7,12:08,22.2,21:07,14.0,10.0,1.4,89
2016,6,23,木,25.9,31.0,16:25,22.2,02:57,65.0,9.3,2.7,78
2016,6,24,金,22.6,24.0,15:51,20.6,12:03,32.0,9.8,2.4,87
2016,6,25,土,23.8,26.3,03:53,19.8,22:33,8.0,10.0,4.0,75
2016,6,26,日,24.3,28.8,15:13,19.9,05:41,0,3.8,3.2,59
2016,6,27,月,22.6,27.4,13:19,19.1,05:19,19.0,6.3,1.9,74
2016,6,28,火,21.3,24.5,13:34,19.4,03:33,9.5,10.0,1.6,91
2016,6,29,水,22.0,22.9,19:00,20.8,06:23,13.0,10.0,1.5,94
2016,6,30,木,24.4,27.8,15:40,22.1,05:05,0.5,10.0,1.2,89
2016,7,1,金,26.5,31.2,14:09,21.7,03:00,0,6.0,1.7,78
2016,7,2,土,28.7,33.5,14:54,23.6,04:45,0,9.5,1.9,69
2016,7,3,日,30.2,35.5,14:41,24.6,05:12,0.0,8.5,2.7,67
2016,7,4,月,30.1,35.2,15:03,26.1,05:43,0,8.5,2.3,69
2016,7,5,火,29.2,34.2,14:43,25.6,06:00,0,7.0,2.0,74
2016,7,6,水,29.6,34.0,14:34,25.7,04:40,0,2.8,1.8,67
2016,7,7,木,29.5,33.4,14:27,25.8,05:16,0,5.3,2.3,66
2016,7,8,金,24.5,27.9,00:03,22.7,22:14,13.5,10.0,1.7,87
2016,7,9,土,24.8,28.0,17:40,22.7,02:01,28.0,8.3,1.7,90
2016,7,10,日,27.6,32.2,16:45,24.1,05:33,0,10.0,1.5,79
2016,7,11,月,27.8,31.1,12:35,25.1,05:33,0.0,10.0,2.1,82
2016,7,12,火,28.6,32.1,14:31,25.8,05:09,0.0,10.0,1.7,79
2016,7,13,水,27.8,31.1,17:25,25.5,06:23,9.5,10.0,2.1,82
2016,7,14,木,28.5,33.2,13:18,26.2,0:00,0.0,9.0,4.0,73
2016,7,15,金,25.6,28.9,12:48,23.9,08:36,0,9.8,3.9,68
2016,7,16,土,26.1,30.2,16:03,21.6,05:18,0.0,8.3,1.9,74
2016,7,17,日,27.5,31.2,14:50,24.4,05:48,9.0,8.8,2.1,80
2016,7,18,月,28.7,33.2,16:08,24.8,05:18,0,4.5,2.4,64
2016,7,19,火,28.4,33.0,17:17,24.2,04:11,0,1.5,1.8,66
2016,7,20,水,28.0,32.8,14:13,24.2,05:21,0,5.8,2.7,63
2016,7,21,木,27.6,31.9,16:25,24.2,05:22,0,7.3,2.6,66
2016,7,22,金,27.5,31.8,17:19,24.0,05:28,0,8.3,2.4,64
2016,7,23,土,28.0,33.1,15:14,23.7,06:08,0,5.3,2.0,68
2016,7,24,日,28.0,32.5,12:27,24.4,05:20,0,7.3,2.1,70
2016,7,25,月,27.1,30.9,12:08,25.6,0:00,0.0,10.0,1.7,81
2016,7,26,火,28.1,33.6,14:00,25.1,05:45,0.0,9.3,1.8,75
2016,7,27,水,29.1,33.6,15:07,25.9,05:32,0,7.5,1.8,72
2016,7,28,木,29.4,33.8,14:14,25.6,05:48,0,5.5,2.1,70
2016,7,29,金,29.4,33.7,13:43,25.6,05:53,0,5.8,2.3,68
2016,7,30,土,29.0,34.0,15:35,25.7,05:25,0,8.8,2.0,72
2016,7,31,日,29.4,34.5,14:02,25.4,05:35,0,4.0,1.9,67
2016,8,1,月,30.0,34.9,14:34,26.3,05:31,0.0,6.3,1.9,66
2016,8,2,火,29.1,34.6,15:24,25.5,21:17,6.5,8.0,1.8,70
2016,8,3,水,29.2,33.8,16:28,25.0,05:20,0,10.0,1.7,66
2016,8,4,木,29.8,34.7,16:08,25.4,04:42,0,2.8,1.9,67
2016,8,5,金,30.0,35.0,14:13,26.4,05:29,0,9.0,2.0,69
2016,8,6,土,30.4,36.0,14:29,26.6,05:36,0,5.0,2.2,69
2016,8,7,日,29.9,34.9,13:11,26.0,05:53,0,4.0,2.3,68
2016,8,8,月,30.5,37.1,15:52,25.5,05:39,0,4.3,2.3,63
2016,8,9,火,30.6,35.7,13:39,26.1,05:38,0,5.8,2.3,63
2016,8,10,水,29.9,35.3,16:37,26.2,05:59,0,7.0,1.8,58
2016,8,11,木,29.4,34.7,15:46,24.7,05:55,0,4.3,2.0,55
2016,8,12,金,29.8,35.4,14:52,24.8,05:24,0,1.5,2.1,60
2016,8,13,土,30.6,35.5,16:16,26.1,05:26,0,3.0,1.8,64
2016,8,14,日,31.3,36.6,16:21,27.1,05:24,0,5.5,2.1,62
2016,8,15,月,31.5,36.1,16:51,28.1,05:45,0,5.0,2.4,62
2016,8,16,火,30.0,34.5,12:47,26.9,23:59,1.0,7.5,1.9,71
2016,8,17,水,29.3,34.4,13:45,26.3,06:40,1.5,6.0,2.2,74
2016,8,18,木,30.3,35.2,16:17,25.6,06:00,0,5.0,2.3,63
2016,8,19,金,30.9,35.9,14:10,26.8,05:18,0,3.3,2.0,64
2016,8,20,土,30.8,36.0,15:20,26.8,23:32,0.5,5.3,2.0,63
2016,8,21,日,31.1,36.3,15:41,26.7,05:12,0,2.0,2.6,64
2016,8,22,月,30.1,35.7,15:35,26.8,05:45,0.0,3.5,2.3,68
2016,8,23,火,30.1,35.3,14:49,26.6,04:37,0,5.8,2.6,59
2016,8,24,水,29.9,34.7,14:52,26.1,05:29,0,5.0,2.8,64
2016,8,25,木,29.9,35.0,11:04,27.2,15:24,0.0,6.5,2.1,68
2016,8,26,金,28.8,34.0,15:04,25.0,23:51,0.5,6.0,2.3,74
2016,8,27,土,26.3,28.5,15:11,24.8,00:34,0.0,10.0,2.4,74
2016,8,28,日,27.8,32.7,16:32,24.1,05:25,0.0,9.8,4.2,63
2016,8,29,月,25.3,29.8,14:37,22.9,23:59,79.5,7.5,5.0,74
2016,8,30,火,24.9,28.7,14:59,21.3,06:01,0.0,5.3,5.6,54
2016,8,31,水,26.5,32.0,13:19,21.4,04:39,0,0.0,3.0,44
2016,9,1,木,25.5,30.9,11:25,20.8,06:11,0.0,5.3,1.6,56
2016,9,2,金,26.8,33.0,15:14,20.5,05:39,0,5.3,2.7,58
2016,9,3,土,28.2,31.4,13:53,25.4,01:49,0.0,7.5,3.4,65
2016,9,4,日,28.6,34.0,13:35,25.5,05:00,0.0,9.5,4.4,71
2016,9,5,月,26.5,29.5,16:37,24.6,12:04,10.5,9.0,1.5,82
2016,9,6,火,28.5,33.5,13:00,24.2,05:52,0,9.0,2.2,76
2016,9,7,水,28.0,32.3,13:38,24.9,05:41,0.0,7.5,2.1,79
2016,9,8,木,25.5,28.9,13:15,23.2,0:00,36.5,9.5,3.4,83
2016,9,9,金,25.7,30.5,15:11,22.1,05:11,0,5.5,1.7,66
2016,9,10,土,26.0,29.6,16:20,22.3,06:04,0.0,7.3,2.2,65
2016,9,11,日,26.9,31.6,15:25,23.3,05:44,0,8.3,1.8,65
2016,9,12,月,26.7,30.8,14:00,23.7,05:25,1.0,10.0,2.7,75
2016,9,13,火,24.6,26.9,16:36,22.0,09:07,31.0,10.0,1.8,87
2016,9,14,水,24.2,26.2,12:16,22.7,23:07,1.0,10.0,1.3,85
2016,9,15,木,25.0,28.6,13:09,22.2,02:24,0.0,10.0,2.0,78
2016,9,16,金,26.2,29.7,14:24,23.1,06:49,0.0,9.3,2.0,75
2016,9,17,土,26.8,31.4,14:02,23.6,05:28,0.0,10.0,1.4,80
2016,9,18,日,25.3,28.2,12:58,23.9,06:43,31.5,10.0,1.5,90
2016,9,19,月,23.3,24.8,12:00,20.8,23:40,21.0,10.0,1.8,94
2016,9,20,火,21.1,22.9,17:07,20.1,0:00,100.5,9.5,3.5,87
2016,9,21,水,22.3,25.3,14:52,19.8,01:35,0.0,9.8,1.6,78
2016,9,22,木,22.3,23.8,11:35,21.0,23:23,12.0,10.0,1.8,91
2016,9,23,金,22.0,25.0,16:11,20.3,0:00,0.5,10.0,1.4,86
2016,9,24,土,23.7,27.7,12:53,20.1,00:37,0,8.0,2.1,79
2016,9,25,日,24.5,27.2,10:21,21.9,01:54,0.5,10.0,1.9,83
2016,9,26,月,24.9,28.0,14:54,23.4,05:22,9.5,7.8,2.0,90
2016,9,27,火,26.4,30.7,14:47,21.1,05:28,0.0,6.3,1.9,81
2016,9,28,水,26.7,30.0,13:07,24.8,05:29,10.0,10.0,2.3,88
2016,9,29,木,22.6,25.5,00:09,20.0,19:20,20.0,10.0,1.9,93
2016,9,30,金,22.1,24.9,14:12,19.9,06:25,0.0,10.0,2.0,79
2016,10,1,土,22.9,25.6,16:29,20.8,05:46,1.5,10.0,1.3,88
2016,10,2,日,25.9,30.5,14:18,22.3,01:21,0,7.5,1.7,84
2016,10,3,月,25.2,28.4,13:26,22.9,21:50,0.0,10.0,1.5,83
2016,10,4,火,24.4,28.3,13:57,21.4,06:31,0,10.0,2.0,78
2016,10,5,水,26.2,30.1,18:07,22.5,01:20,1.5,8.8,3.2,74
2016,10,6,木,24.3,28.1,14:18,19.2,23:57,0,4.0,2.6,61
2016,10,7,金,21.0,23.5,13:48,17.7,03:03,0,5.8,2.6,64
2016,10,8,土,24.4,29.2,11:54,19.9,04:21,0.0,9.8,1.4,77
2016,10,9,日,21.6,24.4,13:35,19.1,0:00,10.5,9.8,3.1,69
2016,10,10,月,19.2,22.0,15:21,17.1,06:21,0,6.5,2.6,55
2016,10,11,火,18.5,22.6,10:58,15.3,05:03,0,8.5,1.8,65
2016,10,12,水,19.2,24.0,15:02,15.2,06:31,0,8.0,2.1,64
2016,10,13,木,17.9,20.1,14:16,16.2,0:00,0,10.0,2.0,57
2016,10,14,金,17.5,22.1,13:46,13.8,23:59,0,8.0,1.4,62
2016,10,15,土,17.8,23.4,13:53,11.9,05:55,0,5.3,1.9,62
2016,10,16,日,22.2,27.1,13:53,16.7,00:06,0.0,10.0,3.6,59
2016,10,17,月,22.3,25.8,15:35,19.0,05:22,15.0,6.8,1.7,82
2016,10,18,火,23.4,27.4,14:45,20.6,06:12,0.0,8.5,1.5,79
2016,10,19,水,22.7,25.0,13:07,20.8,05:14,0,10.0,1.8,77
2016,10,20,木,22.5,25.6,14:54,20.1,06:32,0,9.8,1.9,68
2016,10,21,金,19.1,21.9,12:33,16.1,23:49,0,10.0,2.3,62
2016,10,22,土,17.0,18.4,12:42,15.5,06:06,9.5,10.0,1.2,86
2016,10,23,日,18.5,20.8,14:48,16.6,07:09,1.5,9.3,1.7,73
2016,10,24,月,16.9,20.8,15:22,13.5,06:43,0,2.8,2.2,57
2016,10,25,火,18.6,24.8,14:40,12.0,05:56,0.0,5.3,1.6,77
2016,10,26,水,21.1,24.3,12:04,17.5,05:29,0.0,9.0,1.8,82
2016,10,27,木,19.3,23.1,14:14,15.9,06:42,0.0,5.8,2.8,61
2016,10,28,金,17.6,20.7,13:14,16.3,06:28,2.0,10.0,2.0,77
2016,10,29,土,17.4,20.9,11:41,13.8,23:56,0.5,9.0,3.4,65
2016,10,30,日,14.5,19.2,14:17,10.5,04:50,0,4.5,1.4,63
2016,10,31,月,15.3,19.5,13:04,10.8,05:18,5.5,9.3,1.5,71
2016,11,1,火,15.0,19.5,11:49,11.7,23:40,5.0,7.3,2.7,69
2016,11,2,水,14.2,17.8,12:30,11.7,00:16,0.0,5.0,2.4,63
2016,11,3,木,14.1,17.6,13:41,10.3,0:00,0,4.5,3.8,49
2016,11,4,金,12.9,18.4,13:39,8.3,06:47,0,0.0,1.9,63
2016,11,5,土,14.2,20.5,13:23,8.5,06:32,0,0.0,1.9,67
2016,11,6,日,14.2,18.9,13:19,9.6,23:59,0,4.8,2.7,67
2016,11,7,月,12.0,16.9,14:32,7.3,05:51,0,2.5,1.9,72
2016,11,8,火,13.6,16.5,15:48,10.1,05:39,3.0,9.5,2.1,84
2016,11,9,水,11.4,14.9,12:48,7.2,23:38,0,6.0,3.3,58
2016,11,10,木,10.0,13.0,13:54,6.6,04:50,0.0,10.0,2.1,67
2016,11,11,金,13.4,19.0,13:44,8.4,06:46,0.0,7.5,2.5,73
2016,11,12,土,13.6,19.1,12:34,9.4,07:05,0,5.8,1.6,68
2016,11,13,日,14.9,19.9,13:46,9.9,06:56,0,8.3,1.3,78
2016,11,14,月,16.3,18.7,12:31,13.7,04:46,2.0,10.0,1.4,88
2016,11,15,火,17.1,22.5,11:37,13.1,0:00,1.0,9.0,2.6,79
2016,11,16,水,12.1,15.5,12:44,8.6,23:51,0,3.8,1.8,62
2016,11,17,木,12.9,18.0,13:09,6.8,06:54,0,3.5,1.7,69
2016,11,18,金,13.9,17.8,13:48,8.1,06:54,2.0,4.8,1.8,76
2016,11,19,土,18.1,21.9,15:15,14.3,02:09,5.5,9.3,2.2,86
2016,11,20,日,18.4,21.9,09:58,15.7,22:06,0.0,7.5,1.7,81
2016,11,21,月,16.4,17.5,14:36,15.0,03:50,0.5,9.8,2.3,79
2016,11,22,火,17.2,20.8,13:02,14.0,07:13,0.0,5.0,3.0,72
2016,11,23,水,12.1,16.8,00:15,8.9,0:00,0.0,10.0,3.4,65
2016,11,24,木,11.0,15.7,13:26,8.1,01:43,1.5,6.5,3.6,64
2016,11,25,金,10.6,14.8,13:02,7.6,02:31,0,5.3,2.3,64
2016,11,26,土,10.7,15.2,13:11,4.7,07:06,2.5,5.0,1.7,72
2016,11,27,日,12.1,13.5,22:10,11.1,06:22,25.5,10.0,1.7,92
2016,11,28,月,12.3,15.1,13:05,10.0,23:47,0,9.5,3.3,55
2016,11,29,火,11.6,14.9,12:01,7.1,0:00,0,6.8,3.0,58
2016,11,30,水,10.5,12.5,11:38,7.0,00:27,0.0,10.0,2.1,65
2016,12,1,木,13.8,18.2,13:23,9.8,04:21,0.0,10.0,3.5,67
2016,12,2,金,11.2,14.6,14:20,7.1,23:16,0,4.0,2.1,59
2016,12,3,土,10.1,15.8,13:54,4.9,06:54,0,2.0,1.2,72
2016,12,4,日,11.0,14.7,22:51,6.4,06:05,19.5,8.0,1.6,88
2016,12,5,月,14.4,17.5,13:25,11.0,07:37,0.5,10.0,3.1,67
2016,12,6,火,12.1,15.4,05:11,6.7,23:18,0.0,5.8,3.7,58
2016,12,7,水,9.0,13.7,13:45,3.4,06:39,0.0,2.3,2.1,65
2016,12,8,木,9.8,13.4,11:40,6.1,23:58,0.0,2.5,2.0,64
2016,12,9,金,10.4,16.4,14:17,4.5,06:16,0.0,1.5,3.5,64
2016,12,10,土,8.9,12.0,13:46,6.2,06:06,0.0,7.8,1.8,61
2016,12,11,日,8.6,12.6,13:29,5.4,05:09,0.0,6.3,2.4,65
2016,12,12,月,7.9,10.9,12:21,3.0,06:52,0.0,10.0,1.4,70
2016,12,13,火,10.0,11.6,20:01,7.7,03:27,27.0,10.0,1.2,92
2016,12,14,水,9.2,12.6,03:00,5.2,23:42,0.5,8.5,3.3,66
2016,12,15,木,6.1,9.0,12:33,2.9,06:48,0.5,8.3,2.2,71
2016,12,16,金,5.8,8.9,13:23,3.0,22:49,0.0,5.5,3.0,60
2016,12,17,土,7.9,12.1,12:53,3.2,00:24,0,3.8,3.1,58
2016,12,18,日,8.1,13.2,14:33,3.0,04:43,0,6.3,1.7,69
2016,12,19,月,8.5,14.2,15:34,2.9,07:21,0,4.5,1.3,72
2016,12,20,火,10.5,14.5,13:07,7.3,0:00,0.0,7.5,1.0,84
2016,12,21,水,10.7,15.9,14:22,5.5,04:55,0,7.0,1.5,87
2016,12,22,木,13.9,19.5,14:15,8.4,02:14,6.0,9.3,2.6,85
2016,12,23,金,10.8,14.1,00:05,7.9,23:57,2.0,6.5,6.5,60
2016,12,24,土,8.7,11.5,15:00,6.5,07:49,0,7.0,2.3,62
2016,12,25,日,7.8,11.9,13:46,4.4,07:44,0,7.8,1.5,70
2016,12,26,月,9.0,11.8,14:55,5.3,03:20,2.0,10.0,1.2,86
2016,12,27,火,10.8,14.1,11:06,6.8,0:00,15.0,8.8,4.0,79
2016,12,28,水,5.3,7.4,12:34,3.4,0:00,0.0,8.3,3.0,54
2016,12,29,木,5.2,9.4,11:18,1.0,04:57,0.0,6.0,2.9,65
2016,12,30,金,6.4,11.0,13:58,2.6,07:05,0,2.0,2.6,56
2016,12,31,土,6.6,12.3,13:52,1.6,04:28,0,1.8,2.0,64
2017,1,1,日,8.4,13.2,12:40,4.7,01:20,0,2.5,2.5,61
2017,1,2,月,8.5,14.1,14:00,1.8,07:19,0,4.0,2.7,67
2017,1,3,火,10.8,14.5,14:33,5.7,0:00,0.0,2.0,3.6,58
2017,1,4,水,9.5,15.0,13:26,2.6,07:23,0,4.3,2.4,63
2017,1,5,木,8.0,10.0,12:28,6.2,02:35,0,8.3,2.9,50
2017,1,6,金,6.3,9.9,14:14,2.5,23:56,0,5.0,1.6,58
2017,1,7,土,5.9,10.6,13:43,0.3,07:21,0,5.3,1.4,70
2017,1,8,日,7.7,8.4,02:30,7.1,0:00,16.5,10.0,1.5,87
2017,1,9,月,9.5,12.5,15:05,6.8,00:17,0.0,6.0,4.4,73
2017,1,10,火,9.2,13.3,13:36,3.9,07:27,0.0,4.3,3.7,55
2017,1,11,水,7.0,9.7,14:10,4.9,0:00,0,4.3,4.8,44
2017,1,12,木,7.1,9.3,14:48,4.4,03:02,0.0,7.3,4.8,48
2017,1,13,金,6.4,9.2,02:39,2.7,19:56,0.0,8.8,5.0,47
2017,1,14,土,3.3,6.8,12:20,-0.1,23:58,0.0,5.0,7.3,48
2017,1,15,日,2.7,6.4,14:04,-1.0,01:27,0.0,4.5,4.2,60
2017,1,16,月,4.9,8.4,13:21,3.2,06:44,0.0,5.8,3.9,54
2017,1,17,火,4.9,9.7,14:16,1.0,07:10,0,4.3,2.2,63
2017,1,18,水,4.8,9.9,14:33,-0.8,07:01,0,8.3,1.2,72
2017,1,19,木,6.8,10.1,11:43,3.9,23:52,0.0,9.0,1.6,67
2017,1,20,金,5.3,10.2,10:35,2.8,03:18,0.5,8.0,4.6,69
2017,1,21,土,5.1,8.5,14:57,3.1,07:17,0,5.5,2.7,55
2017,1,22,日,4.7,9.5,13:26,2.1,23:49,1.0,6.8,3.6,63
2017,1,23,月,3.1,5.9,13:24,1.6,06:58,0.0,6.8,5.2,51
2017,1,24,火,4.0,7.2,15:04,1.8,01:38,0.0,6.3,4.3,57
2017,1,25,水,3.3,7.6,12:10,-0.9,07:46,0,2.5,2.0,59
2017,1,26,木,3.8,10.0,15:31,-1.7,07:19,0,0.5,1.7,60
2017,1,27,金,7.0,15.3,11:45,-0.3,06:56,0.0,6.0,2.8,65
2017,1,28,土,6.7,11.2,13:57,2.3,07:37,0,6.3,1.3,70
2017,1,29,日,6.2,10.1,14:40,2.0,05:59,2.0,10.0,1.4,83
2017,1,30,月,8.6,13.5,13:51,5.5,0:00,5.0,9.0,3.7,71
2017,1,31,火,4.2,7.4,13:47,1.0,23:52,0,2.8,2.3,57
2017,2,1,水,4.7,10.3,13:58,-0.6,06:27,0.0,6.8,2.8,65
2017,2,2,木,6.8,10.3,14:32,3.1,07:36,0.0,2.3,4.3,49
2017,2,3,金,8.7,13.3,13:49,3.8,23:58,0,2.5,3.5,47
2017,2,4,土,7.1,12.9,14:32,1.6,05:57,0,4.5,1.4,64
2017,2,5,日,8.3,12.1,21:18,5.8,01:27,10.5,9.5,2.1,83
2017,2,6,月,8.0,10.8,00:01,4.6,23:54,0.0,7.3,5.8,55
2017,2,7,火,5.4,9.3,12:36,2.9,05:18,0.0,7.0,3.2,53
2017,2,8,水,4.9,9.4,14:02,0.0,06:30,0.0,5.8,1.7,58
2017,2,9,木,5.1,7.8,14:09,3.6,06:42,4.0,10.0,3.1,73
2017,2,10,金,3.5,7.0,12:32,1.1,23:08,0.0,5.8,6.1,50
2017,2,11,土,3.6,7.2,14:15,1.2,00:08,0.0,5.0,5.2,48
2017,2,12,日,3.9,8.2,14:53,-1.0,06:42,0.0,3.3,3.4,57
2017,2,13,月,5.4,10.5,14:49,0.0,05:25,0,3.8,2.9,57
2017,2,14,火,5.6,10.9,13:01,2.3,03:18,0.0,3.3,3.0,58
2017,2,15,水,5.4,11.0,15:37,0.5,07:09,0,1.5,2.1,53
2017,2,16,木,6.6,13.0,14:16,0.1,07:04,0,3.8,1.4,66
2017,2,17,金,9.4,12.6,18:32,5.6,03:26,3.0,10.0,1.3,80
2017,2,18,土,8.4,13.3,14:15,5.9,23:48,0.0,9.5,3.0,65
2017,2,19,日,6.7,11.7,13:25,2.4,07:19,0.0,2.3,2.6,56
2017,2,20,月,7.1,10.9,17:47,2.5,06:18,10.5,8.5,3.0,73
2017,2,21,火,5.2,8.5,14:50,1.4,23:42,0.0,4.0,3.9,47
2017,2,22,水,4.8,8.4,19:57,-0.8,06:38,0.5,8.0,1.9,71
2017,2,23,木,10.5,14.0,11:54,7.2,0:00,6.5,10.0,3.9,76
2017,2,24,金,6.7,10.1,14:29,4.1,07:09,0,8.3,3.1,52
2017,2,25,土,7.0,11.4,15:39,2.1,07:19,0.0,7.3,3.0,51
2017,2,26,日,7.4,12.1,13:11,2.0,06:33,0.0,10.0,1.6,58
2017,2,27,月,7.0,11.1,14:52,3.2,0:00,0.0,5.5,2.3,54
2017,2,28,火,5.5,11.1,15:30,0.2,06:44,0,0.3,1.5,57
2017,3,1,水,5.9,10.4,16:18,0.6,05:58,0,7.5,1.3,70
2017,3,2,木,8.9,15.4,11:59,4.6,03:41,0.0,8.0,4.3,69
2017,3,3,金,8.5,12.5,13:50,4.9,23:44,0.0,7.3,2.6,58
2017,3,4,土,8.9,15.1,16:41,3.3,06:44,0,8.0,1.3,64
2017,3,5,日,9.6,13.8,15:32,3.6,06:18,0.0,10.0,1.5,64
2017,3,6,月,9.9,14.8,15:29,6.6,05:38,0,10.0,2.9,61
2017,3,7,火,6.9,10.7,14:54,4.5,0:00,0.0,5.8,5.1,45
2017,3,8,水,5.1,9.5,11:53,2.2,23:50,0.0,8.0,3.4,54
2017,3,9,木,7.0,10.8,12:18,2.1,00:42,0.0,6.5,4.1,55
2017,3,10,金,10.2,15.4,15:39,4.2,02:01,0.0,2.5,4.1,41
2017,3,11,土,8.1,13.1,14:20,2.9,06:51,0,1.3,2.2,52
2017,3,12,日,7.8,13.4,16:28,1.8,07:04,0,7.8,1.5,57
2017,3,13,月,9.5,12.8,15:47,6.7,04:38,0.0,10.0,1.4,72
2017,3,14,火,9.1,13.9,12:33,6.3,0:00,1.0,7.3,3.0,56
2017,3,15,水,7.8,12.3,13:50,5.1,04:37,0.0,4.5,4.6,51
2017,3,16,木,8.5,13.0,14:15,4.7,01:55,0,9.3,2.4,56
2017,3,17,金,8.7,15.0,14:31,2.9,06:42,0,2.5,1.7,50
2017,3,18,土,8.4,13.4,15:18,2.2,06:11,0,5.8,1.5,52
2017,3,19,日,10.7,18.0,16:13,3.3,06:17,0,6.0,1.6,48
2017,3,20,月,10.5,15.7,12:39,4.9,06:19,5.0,6.5,2.4,55
2017,3,21,火,9.6,13.2,16:59,8.1,06:24,10.0,10.0,3.6,79
2017,3,22,水,9.7,14.6,14:58,5.8,04:19,0,5.3,2.8,48
2017,3,23,木,9.8,13.4,14:30,6.7,06:27,0,10.0,1.2,59
2017,3,24,金,9.2,12.6,14:38,6.2,06:38,0,9.3,2.5,46
2017,3,25,土,8.1,11.1,12:51,4.9,05:48,0,10.0,1.5,49
2017,3,26,日,8.7,12.7,16:12,3.9,06:12,0.0,8.5,1.2,64
2017,3,27,月,9.0,15.1,13:40,6.1,23:57,10.5,7.5,2.8,73
2017,3,28,火,10.0,15.4,14:20,5.7,05:26,0.0,7.3,3.3,65
2017,3,29,水,11.4,17.1,14:05,6.5,03:34,0.0,9.3,2.2,59
2017,3,30,木,14.1,20.8,15:43,9.2,04:00,0.5,9.0,1.8,65
2017,3,31,金,8.3,12.9,00:08,5.0,16:03,20.0,10.0,2.5,75
2017,4,1,土,9.1,13.9,15:48,5.8,00:53,0.5,6.5,1.7,65
2017,4,2,日,9.8,15.5,16:16,4.0,06:15,0,3.8,2.3,58
2017,4,3,月,12.8,18.6,15:11,6.0,03:04,0,0.0,4.6,51
2017,4,4,火,14.2,21.4,15:01,7.7,06:19,0,3.3,1.9,49
2017,4,5,水,14.1,18.7,13:25,9.2,06:11,0,9.8,1.4,61
2017,4,6,木,15.8,22.8,12:45,9.7,04:18,3.5,9.5,1.4,69
2017,4,7,金,16.5,20.1,11:34,13.9,06:47,6.0,10.0,1.3,90
2017,4,8,土,17.5,19.8,09:53,15.3,04:50,2.5,10.0,0.9,94
2017,4,9,日,16.7,20.7,14:10,11.9,0:00,4.0,10.0,2.5,75
2017,4,10,月,12.1,15.2,21:20,9.7,05:51,0.0,10.0,4.0,64
2017,4,11,火,12.7,14.4,23:30,11.2,05:57,9.5,10.0,5.1,88
2017,4,12,水,13.9,18.3,12:29,9.7,0:00,0,8.5,3.2,63
2017,4,13,木,14.2,20.5,16:43,5.9,06:08,0,0.3,3.3,49
2017,4,14,金,17.5,23.4,14:49,10.3,06:00,0,0.0,2.0,38
2017,4,15,土,18.4,26.2,14:59,12.3,06:12,0.0,5.3,2.7,57
2017,4,16,日,19.4,24.9,16:55,13.7,05:31,0.0,5.5,1.8,67
2017,4,17,月,17.3,19.5,10:52,15.3,04:33,30.5,10.0,1.3,93
2017,4,18,火,18.5,22.0,15:46,15.9,0:00,5.5,5.8,4.5,60
2017,4,19,水,17.8,21.9,15:47,12.8,0:00,0.0,1.5,5.3,45
2017,4,20,木,14.1,17.5,09:57,9.3,05:46,0.0,9.3,1.7,56
2017,4,21,金,15.7,20.2,16:11,12.5,08:08,0.0,10.0,1.6,65
2017,4,22,土,16.2,21.5,13:42,12.4,0:00,0.0,7.0,2.6,44
2017,4,23,日,14.5,21.3,16:00,7.5,05:37,0,0.0,2.1,46
2017,4,24,月,16.6,22.8,16:32,9.2,05:21,0,4.5,2.4,57
2017,4,25,火,19.9,23.8,14:10,16.1,05:19,0,8.0,2.3,54
2017,4,26,水,15.6,17.4,00:47,14.4,0:00,14.0,10.0,1.1,86
2017,4,27,木,15.8,19.3,14:29,13.3,23:59,0.0,10.0,2.2,58
2017,4,28,金,16.2,23.0,14:53,9.6,05:44,0,0.0,2.8,47
2017,4,29,土,17.7,23.3,16:01,10.7,05:14,0.0,3.5,3.6,48
2017,4,30,日,20.0,28.5,15:06,10.2,05:22,0,0.0,3.0,40
2017,5,1,月,21.0,27.0,14:58,15.5,23:54,0,5.8,3.5,40
2017,5,2,火,17.4,22.6,16:42,12.3,05:19,0,6.5,2.6,45
2017,5,3,水,18.5,24.7,14:31,13.5,05:13,0,8.8,2.5,58
2017,5,4,木,20.1,26.5,14:10,13.6,03:59,0.0,4.3,4.1,61
2017,5,5,金,21.2,26.7,15:51,16.7,05:30,0,7.3,2.0,65
2017,5,6,土,19.4,24.3,11:17,16.8,23:42,0.5,8.8,1.5,83
2017,5,7,日,22.2,26.5,15:59,16.9,00:02,0,7.0,5.0,35
2017,5,8,月,23.3,28.6,14:36,18.8,05:38,0,6.0,4.2,28
2017,5,9,火,18.2,21.3,12:31,14.7,19:03,9.0,10.0,2.4,65
2017,5,10,水,18.3,22.2,16:32,15.0,04:39,0.0,9.3,3.7,76
2017,5,11,木,22.6,28.1,14:46,17.1,05:51,0,6.0,5.2,51
2017,5,12,金,21.7,26.2,12:49,16.5,0:00,6.0,10.0,2.3,61
2017,5,13,土,18.7,23.1,17:10,15.5,00:22,25.5,10.0,3.0,81
2017,5,14,日,21.7,27.8,15:59,15.2,04:50,0,7.0,2.7,53
2017,5,15,月,20.3,24.3,14:58,16.7,04:47,0,9.8,3.6,44
2017,5,16,火,17.8,20.7,16:09,13.8,05:30,0,9.8,1.6,54
2017,5,17,水,18.3,23.9,14:20,14.0,04:40,0,9.3,1.9,62
2017,5,18,木,19.7,26.7,15:29,13.3,05:48,0,0.3,1.9,52
2017,5,19,金,21.4,28.2,17:06,15.0,05:41,0,0.5,2.0,48
2017,5,20,土,22.9,30.0,15:48,16.1,05:45,0,2.5,1.7,47
2017,5,21,日,22.3,27.4,14:42,18.0,04:46,0,8.8,1.5,58
2017,5,22,月,22.7,29.2,14:42,16.9,05:32,0,3.3,1.8,58
2017,5,23,火,22.8,27.8,15:09,17.5,05:09,0.0,5.0,2.0,58
2017,5,24,水,19.8,21.8,00:15,18.6,0:00,12.5,10.0,1.4,88
2017,5,25,木,20.6,25.3,15:33,18.2,04:47,16.0,10.0,1.5,86
2017,5,26,金,21.3,26.8,14:47,16.9,0:00,0,8.5,3.3,64
2017,5,27,土,19.3,24.4,15:52,13.3,05:04,0,4.5,2.5,53
2017,5,28,日,20.8,27.9,14:39,14.5,05:23,0,1.0,1.8,55
2017,5,29,月,23.1,28.5,16:58,16.9,05:45,0,0.0,1.8,53
2017,5,30,火,24.3,31.0,15:07,18.4,04:52,0,6.8,1.7,59
2017,5,31,水,23.1,27.4,16:30,20.5,0:00,0.0,10.0,1.8,74
2017,6,1,木,23.0,28.7,12:45,17.7,05:33,6.5,8.0,2.8,68
2017,6,2,金,21.4,26.6,15:45,17.0,23:59,1.5,5.8,3.5,56
2017,6,3,土,19.4,25.9,16:21,13.5,05:19,0,5.8,2.4,53
2017,6,4,日,21.1,26.8,15:42,15.6,05:10,0,5.3,2.0,52
2017,6,5,月,21.5,27.2,15:03,16.0,05:27,0,6.0,1.9,49
2017,6,6,火,21.4,25.9,14:54,16.5,05:16,0,10.0,2.4,61
2017,6,7,水,19.9,21.9,00:03,18.6,19:42,22.0,10.0,1.3,87
2017,6,8,木,22.3,27.4,15:31,18.5,03:50,0.0,7.8,3.2,73
2017,6,9,金,23.1,28.7,14:54,17.5,05:34,0,5.8,2.2,55
2017,6,10,土,24.8,30.5,15:00,19.4,04:33,0,9.3,3.6,49
2017,6,11,日,21.2,24.2,14:05,19.4,23:54,0.0,10.0,2.7,58
2017,6,12,月,20.0,25.1,13:28,15.3,05:26,0,9.5,2.3,52
2017,6,13,火,20.1,25.5,16:52,14.5,05:23,0,8.3,2.0,56
2017,6,14,水,21.9,27.3,15:56,15.9,05:22,0,5.5,2.0,52
2017,6,15,木,24.4,30.8,15:33,17.2,05:08,0,0.3,2.4,42
2017,6,16,金,24.1,28.7,15:09,20.6,0:00,0,6.5,2.4,49
2017,6,17,土,22.1,26.8,14:57,17.7,04:57,0,5.5,2.9,56
2017,6,18,日,24.3,29.3,17:23,20.3,05:54,0,6.3,1.8,58
2017,6,19,月,26.7,32.8,16:07,20.3,03:16,0,2.5,2.6,48
2017,6,20,火,24.5,28.6,10:51,21.3,04:48,0.0,9.8,2.8,63
2017,6,21,水,23.1,27.3,16:06,20.9,00:42,27.5,9.5,4.3,80
2017,6,22,木,22.9,26.4,11:58,19.8,05:49,0,8.5,1.9,68
2017,6,23,金,24.5,29.9,15:37,19.1,05:24,0,9.0,2.2,63
2017,6,24,土,23.6,27.4,13:20,21.2,05:40,20.0,10.0,1.9,79
2017,6,25,日,23.3,25.5,15:32,21.6,00:12,17.0,10.0,1.8,89
2017,6,26,月,23.8,26.8,15:08,21.7,05:21,0.0,10.0,1.9,71
2017,6,27,火,23.5,27.5,13:48,21.1,05:41,1.5,10.0,1.4,76
2017,6,28,水,23.9,28.0,17:02,21.6,05:40,8.0,10.0,1.2,84
2017,6,29,木,23.7,25.9,16:04,22.8,0:00,1.5,10.0,1.6,87
2017,6,30,金,25.2,29.2,14:12,22.7,05:11,2.0,9.8,1.6,84
2017,7,1,土,28.3,34.0,16:44,23.6,02:46,0.0,9.0,2.4,72
2017,7,2,日,30.3,35.2,14:40,27.0,05:37,0.0,10.0,3.3,62
2017,7,3,月,30.1,35.1,16:13,25.4,05:29,0.0,8.0,2.7,63
2017,7,4,火,26.7,30.4,08:56,24.4,14:29,35.5,10.0,2.7,81
2017,7,5,水,24.0,27.6,01:09,21.7,10:30,53.0,10.0,2.2,88
2017,7,6,木,26.5,31.2,14:29,23.2,03:08,0,10.0,2.6,75
2017,7,7,金,26.9,31.4,13:28,24.2,07:42,0.0,8.8,3.0,75
2017,7,8,土,27.1,31.8,14:36,24.8,05:20,0.0,10.0,1.4,78
2017,7,9,日,26.4,30.2,12:51,24.3,18:28,7.0,10.0,1.6,84
2017,7,10,月,27.4,31.7,17:32,24.3,05:46,0.0,10.0,1.6,79
2017,7,11,火,29.1,34.1,14:47,25.2,04:04,0.0,8.8,1.9,74
2017,7,12,水,28.3,33.0,14:59,25.7,04:26,0.5,9.0,1.7,75
2017,7,13,木,29.0,33.8,16:07,25.6,05:21,0,3.5,2.0,69
2017,7,14,金,28.7,34.1,13:44,24.9,05:33,0,5.0,2.2,72
2017,7,15,土,28.8,33.1,16:16,24.9,05:20,0,6.0,1.8,71
2017,7,16,日,30.0,35.1,15:38,25.6,05:49,0,8.5,3.1,65
2017,7,17,月,30.4,35.0,14:56,27.6,05:22,0,7.3,4.7,61
2017,7,18,火,27.0,29.0,00:04,23.9,11:27,25.5,9.8,3.5,77
2017,7,19,水,28.5,33.7,15:55,25.2,05:39,0.0,6.3,1.9,74
2017,7,20,木,29.5,34.5,16:57,25.2,04:46,0,3.0,3.0,68
2017,7,21,金,30.2,34.2,12:24,26.6,05:45,0.0,6.5,2.3,66
2017,7,22,土,30.0,34.6,15:38,27.4,06:09,0.0,9.0,2.0,67
2017,7,23,日,29.4,32.8,15:01,26.8,05:10,0,8.8,1.7,72
2017,7,24,月,30.1,35.0,13:35,26.8,05:39,0,9.0,2.1,70
2017,7,25,火,29.4,34.4,14:46,26.5,23:13,1.5,10.0,1.8,76
2017,7,26,水,28.0,32.6,15:40,25.8,08:17,15.5,7.3,2.1,78
2017,7,27,木,28.8,33.5,16:33,25.1,05:29,0.0,4.5,2.1,72
2017,7,28,金,29.6,34.6,14:50,27.3,05:01,0.0,9.3,1.7,78
2017,7,29,土,30.0,34.1,16:01,27.3,06:02,0.5,9.8,2.0,75
2017,7,30,日,30.2,34.3,16:16,26.9,04:09,0,6.0,1.9,74
2017,7,31,月,30.7,35.8,14:50,27.5,05:28,0,6.3,1.6,72
2017,8,1,火,30.6,35.2,14:28,27.4,04:50,0.0,8.0,2.2,67
2017,8,2,水,29.9,34.5,15:13,25.8,05:16,0,6.5,2.7,62
2017,8,3,木,30.2,35.1,14:49,27.0,06:23,0,3.5,4.4,64
2017,8,4,金,30.4,35.7,14:44,27.2,05:25,0.0,6.3,4.3,67
2017,8,5,土,31.6,36.5,12:00,27.1,06:08,0.0,3.8,3.9,64
2017,8,6,日,31.4,37.1,13:23,27.7,04:58,0.0,4.0,4.5,63
2017,8,7,月,26.7,29.0,01:38,25.4,06:16,150.0,10.0,7.9,87
2017,8,8,火,29.8,34.7,14:04,26.3,05:12,0.0,2.8,5.7,66
2017,8,9,水,29.6,33.8,13:08,26.0,05:17,0.0,7.0,2.1,69
2017,8,10,木,30.9,36.0,14:10,26.8,05:54,0.0,7.8,2.6,70
2017,8,11,金,30.6,35.2,14:11,27.8,05:53,0.0,7.0,3.5,66
2017,8,12,土,28.7,32.3,12:54,26.0,05:45,0,7.8,2.8,65
2017,8,13,日,28.3,32.6,14:40,25.2,06:21,0,6.5,2.0,61
2017,8,14,月,27.9,31.4,11:44,24.7,05:51,0.0,7.5,2.1,67
2017,8,15,火,27.7,30.9,12:36,25.3,04:54,1.0,10.0,1.9,80
2017,8,16,水,29.3,33.6,15:22,26.6,05:12,0,8.8,1.8,74
2017,8,17,木,30.0,34.2,12:47,26.3,02:58,7.0,8.0,2.1,71
2017,8,18,金,30.1,34.9,15:30,26.9,05:41,0.0,6.5,2.9,64
2017,8,19,土,29.5,34.0,16:56,26.4,06:20,0,6.3,1.8,63
2017,8,20,日,29.3,33.5,15:46,25.6,05:22,0,5.3,2.1,71
2017,8,21,月,28.8,34.5,14:08,25.4,15:44,27.0,6.5,1.8,76
2017,8,22,火,29.7,35.0,15:21,25.7,05:05,0.5,10.0,1.7,73
2017,8,23,水,31.3,36.4,14:34,27.4,05:54,0,6.5,2.9,63
2017,8,24,木,31.4,35.5,14:30,27.0,05:49,0,2.3,3.3,61
2017,8,25,金,31.7,35.8,15:26,29.3,06:00,0.0,9.0,4.0,61
2017,8,26,土,26.9,30.9,00:03,23.5,23:58,7.0,10.0,2.5,76
2017,8,27,日,27.3,31.9,15:23,22.6,05:33,0,7.5,2.4,61
2017,8,28,月,28.6,33.2,13:40,24.3,05:27,0,7.0,1.7,71
2017,8,29,火,29.9,35.2,14:52,25.6,05:32,0,9.8,2.2,66
2017,8,30,水,27.6,31.6,14:53,25.5,0:00,0.0,6.8,2.5,72
2017,8,31,木,26.8,31.3,15:24,24.0,06:12,0,6.3,2.8,51
2017,9,1,金,24.8,30.4,13:49,19.7,06:07,0.0,4.0,2.8,57
2017,9,2,土,24.6,30.0,15:36,20.1,04:11,0,3.3,2.8,56
2017,9,3,日,25.0,30.3,16:07,21.0,05:40,0,8.3,2.4,57
2017,9,4,月,24.5,28.0,14:09,21.5,05:03,0.0,9.8,2.2,55
2017,9,5,火,24.3,28.1,13:18,22.1,05:36,0.5,10.0,1.7,74
2017,9,6,水,25.8,28.8,13:20,22.9,04:43,0.0,10.0,1.6,81
2017,9,7,木,25.5,28.3,14:32,23.8,23:06,8.0,10.0,1.7,87
2017,9,8,金,26.2,30.8,15:38,22.8,06:30,0,3.5,2.2,63
2017,9,9,土,25.3,30.8,14:35,20.9,05:44,0,7.5,2.0,61
2017,9,10,日,25.4,31.1,15:02,20.3,05:30,0,6.3,1.8,68
2017,9,11,月,27.1,32.6,14:06,21.6,05:41,0.0,9.3,1.9,64
2017,9,12,火,25.6,29.5,02:08,23.2,07:01,56.0,9.5,2.5,81
2017,9,13,水,25.3,30.1,15:29,21.6,05:40,0,8.8,1.9,69
2017,9,14,木,24.8,28.8,15:26,21.9,05:50,0.0,10.0,1.9,66
2017,9,15,金,23.1,25.1,10:24,20.5,05:23,0.0,10.0,2.8,56
2017,9,16,土,21.6,22.7,00:55,20.5,08:14,12.0,10.0,3.2,84
2017,9,17,日,23.5,27.2,10:28,21.5,20:59,162.5,10.0,6.1,81
2017,9,18,月,24.8,29.2,15:09,21.2,0:00,0.0,4.0,4.0,65
2017,9,19,火,24.1,29.5,13:48,19.3,05:56,0,7.8,2.4,65
2017,9,20,水,24.4,27.1,14:27,22.2,03:49,0.0,10.0,2.8,64
2017,9,21,木,22.4,27.0,13:33,18.6,06:12,0,9.3,1.7,64
2017,9,22,金,20.9,22.5,09:23,18.3,03:49,6.5,8.8,1.5,85
2017,9,23,土,23.0,26.9,11:30,20.7,23:57,0.0,10.0,2.0,78
2017,9,24,日,21.9,25.8,15:25,18.5,06:13,0,5.8,1.4,76
2017,9,25,月,22.5,28.9,15:07,17.7,06:07,0,0.8,1.7,69
2017,9,26,火,23.1,28.4,14:33,17.4,05:45,0,4.0,1.8,76
2017,9,27,水,23.5,27.3,12:19,21.0,02:37,1.0,10.0,1.5,78
2017,9,28,木,21.8,24.1,16:12,16.3,0:00,1.0,7.5,2.3,77
2017,9,29,金,20.6,26.9,14:43,14.0,06:09,0,5.3,2.0,66
2017,9,30,土,20.9,26.5,14:03,17.1,23:59,0,4.3,1.8,58
2017,10,1,日,20.5,25.0,13:30,14.5,05:35,0,7.5,1.9,64
2017,10,2,月,21.2,22.7,14:41,19.4,06:45,14.5,10.0,1.2,90
2017,10,3,火,22.6,26.5,13:19,19.9,0:00,0.5,10.0,2.2,77
2017,10,4,水,19.8,23.0,14:56,17.7,23:41,0,7.5,3.0,50
2017,10,5,木,19.3,22.6,13:51,15.8,05:49,4.5,10.0,3.2,58
2017,10,6,金,19.3,21.2,12:31,17.7,17:26,11.5,10.0,3.8,85
2017,10,7,土,20.3,23.5,14:57,18.2,00:31,0.0,10.0,1.1,89
2017,10,8,日,22.7,27.7,12:40,19.1,04:18,0,4.0,1.5,76
2017,10,9,月,22.7,28.3,14:46,18.0,05:54,0,0.8,1.5,77
2017,10,10,火,23.6,29.3,14:06,18.7,05:07,0,1.5,1.9,70
2017,10,11,水,23.9,29.2,14:23,19.0,05:21,0,2.0,2.1,70
2017,10,12,木,21.4,23.3,03:32,19.8,0:00,0.0,10.0,2.3,81
2017,10,13,金,18.6,19.9,00:03,16.7,08:11,2.0,10.0,1.9,82
2017,10,14,土,19.3,21.3,10:32,17.7,0:00,0.0,10.0,1.5,81
2017,10,15,日,17.3,19.8,10:26,15.4,0:00,30.5,10.0,1.8,90
2017,10,16,月,15.7,16.4,20:51,14.9,0:00,32.0,10.0,1.3,93
2017,10,17,火,15.6,18.1,16:07,14.1,06:48,12.0,10.0,1.1,88
2017,10,18,水,16.2,20.3,13:16,12.9,05:04,16.5,9.0,2.3,79
2017,10,19,木,15.4,16.1,13:32,14.2,03:24,35.5,10.0,2.1,92
2017,10,20,金,17.3,19.8,14:11,15.4,03:04,10.0,10.0,1.3,88
2017,10,21,土,17.0,18.6,23:18,16.0,10:00,42.5,10.0,1.2,94
2017,10,22,日,17.1,18.5,00:07,15.8,23:49,126.0,10.0,2.0,93
2017,10,23,月,16.9,19.7,14:19,14.5,0:00,2.5,7.8,4.4,56
2017,10,24,火,14.4,18.1,15:08,11.1,0:00,0,7.3,1.6,69
2017,10,25,水,15.4,20.8,15:13,9.9,05:31,0,1.5,2.4,67
2017,10,26,木,15.5,20.8,13:41,9.9,06:40,0,0.3,1.8,74
2017,10,27,金,17.6,22.5,14:27,12.0,03:38,0.0,3.8,1.7,75
2017,10,28,土,18.2,19.4,02:51,17.2,23:43,16.5,10.0,2.9,88
2017,10,29,日,17.5,19.6,20:16,16.4,05:48,59.5,9.0,3.4,87
2017,10,30,月,14.6,17.7,01:03,9.1,23:36,0.0,4.8,3.9,54
2017,10,31,火,12.2,17.5,14:19,7.6,06:05,0,0.0,1.6,63
2017,11,1,水,13.5,19.7,15:48,7.3,05:51,0,0.8,1.7,70
2017,11,2,木,15.8,21.0,13:25,10.3,04:43,0,3.3,1.3,77
2017,11,3,金,17.6,22.6,13:44,12.5,07:01,0,4.3,1.6,71
2017,11,4,土,15.5,19.8,12:30,10.0,23:52,0.0,6.5,3.4,61
2017,11,5,日,11.7,16.0,14:33,7.3,06:46,0,0.0,1.8,60
2017,11,6,月,12.8,19.2,12:10,6.9,06:26,0,0.5,1.4,70
2017,11,7,火,15.3,19.9,14:01,8.8,06:48,0.0,6.3,1.2,80
2017,11,8,水,16.5,18.3,16:06,15.0,07:42,11.0,9.8,1.2,89
2017,11,9,木,13.9,18.1,15:00,10.1,0:00,0,4.8,1.5,79
2017,11,10,金,12.8,18.0,13:27,7.0,05:25,0,2.5,1.6,72
2017,11,11,土,14.9,18.1,05:22,11.9,0:00,3.0,9.5,3.4,57
2017,11,12,日,10.9,14.9,14:14,7.5,04:41,0,4.5,1.7,65
2017,11,13,月,12.1,18.2,13:37,6.0,07:06,0,3.5,1.5,70
2017,11,14,火,13.4,16.1,15:27,11.2,00:50,8.5,10.0,1.6,89
2017,11,15,水,12.3,16.0,13:07,8.8,0:00,0.0,5.8,2.8,60
2017,11,16,木,10.9,14.1,13:44,7.0,0:00,0,4.3,3.5,49
2017,11,17,金,9.1,13.8,11:53,4.1,06:55,0.0,7.3,1.6,64
2017,11,18,土,10.7,12.9,15:48,9.0,0:00,3.5,10.0,2.6,79
2017,11,19,日,8.5,11.9,13:34,5.8,23:54,0,7.3,4.0,54
2017,11,20,月,8.1,11.5,15:06,5.1,01:48,0.5,8.5,2.9,58
2017,11,21,火,8.1,13.3,13:27,3.1,05:33,0,4.0,1.7,62
2017,11,22,水,8.5,12.3,12:12,3.5,05:54,8.5,9.8,1.3,86
2017,11,23,木,9.9,13.0,11:51,5.3,23:26,3.0,5.3,3.7,59
2017,11,24,金,8.8,12.2,14:37,5.8,00:08,0.0,4.5,3.6,52
2017,11,25,土,9.0,11.9,13:06,5.4,23:59,0,8.5,2.4,59
2017,11,26,日,9.1,12.5,14:32,4.2,05:51,0.0,10.0,1.1,79
2017,11,27,月,10.9,14.8,11:46,7.1,23:53,0,6.8,1.6,73
2017,11,28,火,11.2,16.3,14:34,4.7,06:51,0,4.3,1.2,82
2017,11,29,水,12.5,14.0,13:53,10.4,03:34,6.0,10.0,1.2,92
2017,11,30,木,13.5,15.9,11:46,11.2,23:56,0.0,10.0,3.2,73
2017,12,1,金,9.7,12.4,13:19,6.3,23:59,0,4.0,4.4,47
2017,12,2,土,6.8,11.8,13:26,2.8,07:21,0,2.5,2.1,58
2017,12,3,日,8.3,14.0,13:32,4.0,05:21,0,3.8,1.4,66
2017,12,4,月,7.7,11.9,12:14,3.2,05:57,0.0,8.0,1.7,76
2017,12,5,火,6.1,9.0,00:03,3.8,21:06,0.0,5.8,4.9,54
2017,12,6,水,5.2,9.7,12:59,0.5,04:54,0,1.8,3.6,57
2017,12,7,木,6.9,13.2,13:46,0.6,05:56,0.0,7.5,1.4,64
2017,12,8,金,7.4,9.6,10:16,4.9,0:00,0.0,8.0,3.5,67
2017,12,9,土,7.4,11.0,12:49,4.4,00:53,0.0,8.0,3.3,59
2017,12,10,日,8.6,14.6,13:05,2.6,06:46,0.0,8.3,1.5,62
2017,12,11,月,7.9,11.7,05:05,2.0,0:00,0.0,5.8,5.1,55
2017,12,12,火,3.2,5.7,14:02,1.6,06:25,0.0,6.8,5.0,49
2017,12,13,水,4.4,7.8,14:01,2.5,05:25,0,4.0,4.4,53
2017,12,14,木,4.6,7.8,11:01,1.0,04:56,0.0,7.8,2.2,65
2017,12,15,金,5.3,9.8,14:09,0.8,07:22,0,5.5,1.3,69
2017,12,16,土,7.1,12.3,13:24,3.7,0:00,0.0,10.0,2.7,65
2017,12,17,日,3.7,6.4,14:12,1.5,06:46,0,3.3,5.1,50
2017,12,18,月,4.8,9.0,13:31,0.4,01:41,0.0,7.8,2.6,54
2017,12,19,火,6.8,11.1,12:39,2.6,0:00,0.0,8.5,3.0,55
2017,12,20,水,4.6,10.3,13:22,0.5,07:17,0,1.5,2.3,59
2017,12,21,木,4.7,10.7,14:31,-0.6,06:51,0,1.3,2.0,59
2017,12,22,金,5.7,12.1,13:32,0.1,07:41,0,1.8,1.8,63
2017,12,23,土,7.1,12.7,13:30,1.4,07:09,0,7.3,1.8,67
2017,12,24,日,8.1,12.5,23:41,3.0,01:38,15.0,10.0,1.8,80
2017,12,25,月,8.5,12.5,01:06,5.9,0:00,0.5,4.5,6.2,52
2017,12,26,火,6.9,9.3,13:35,4.0,05:09,0.0,4.5,5.3,49
2017,12,27,水,5.0,7.5,14:45,3.2,23:57,0,4.8,5.8,43
2017,12,28,木,5.8,9.3,14:19,3.2,05:54,0,7.8,3.5,52
2017,12,29,金,6.9,9.5,20:55,1.6,03:42,0.0,10.0,3.4,61
2017,12,30,土,6.6,10.9,14:45,2.5,07:18,0,7.5,1.6,61
2017,12,31,日,6.7,10.1,12:30,3.8,03:37,0.5,9.8,2.1,66
2018,1,1,月,6.8,9.8,14:10,4.5,04:52,0,4.8,4.3,46
2018,1,2,火,7.1,10.2,14:18,3.2,07:07,0,1.8,4.6,47
2018,1,3,水,6.2,8.9,11:02,0.7,0:00,0.0,4.0,4.3,49
2018,1,4,木,3.9,9.2,14:23,-1.0,07:22,0,3.8,1.9,60
2018,1,5,金,4.0,6.1,14:49,2.3,21:44,0.0,9.8,0.9,77
2018,1,6,土,6.2,10.3,11:54,2.3,04:48,0.5,7.3,3.0,65
2018,1,7,日,5.6,9.7,12:51,1.6,07:08,0,10.0,1.6,62
2018,1,8,月,8.1,9.7,0:00,5.2,06:09,9.0,10.0,1.8,88
2018,1,9,火,7.4,12.0,02:15,3.4,23:50,0.5,10.0,7.1,59
2018,1,10,水,4.8,7.1,11:47,3.1,23:44,4.0,8.0,4.1,70
2018,1,11,木,1.8,3.5,12:45,0.3,07:36,0.0,5.3,4.0,51
2018,1,12,金,1.0,4.6,14:14,-2.1,07:30,0,2.5,3.3,54
2018,1,13,土,2.5,6.5,13:06,-2.5,05:45,0.0,4.0,3.7,59
2018,1,14,日,2.4,6.8,14:29,-1.5,07:28,0,5.5,1.5,67
2018,1,15,月,3.4,9.5,13:08,-2.5,07:21,0.0,3.0,1.1,75
2018,1,16,火,5.9,10.7,13:13,0.0,05:22,0.0,5.8,1.2,85
2018,1,17,水,10.2,13.6,16:53,7.6,07:00,8.5,9.3,2.1,89
2018,1,18,木,9.8,14.1,15:00,5.1,06:36,0,7.3,2.9,71
2018,1,19,金,7.9,11.1,10:45,4.3,23:42,0,5.3,1.2,73
2018,1,20,土,7.3,12.7,13:47,2.5,06:53,0,5.5,1.7,68
2018,1,21,日,7.2,12.2,14:33,3.3,07:11,0,8.5,2.2,62
2018,1,22,月,3.6,6.7,09:54,1.8,19:09,7.5,9.8,1.7,82
2018,1,23,火,5.3,10.3,10:45,1.5,0:00,0.0,6.5,5.0,57
2018,1,24,水,0.0,2.8,12:15,-1.9,23:22,0.0,6.0,6.1,47
2018,1,25,木,1.1,4.3,15:13,-1.7,00:16,0.0,5.0,4.9,53
2018,1,26,金,1.8,4.9,12:32,0.2,23:59,0.0,6.8,5.2,53
2018,1,27,土,2.1,6.2,14:11,-2.0,07:33,0,2.5,2.5,58
2018,1,28,日,2.6,5.9,23:25,-1.7,05:29,0.0,10.0,1.2,75
2018,1,29,月,3.7,6.7,13:59,0.1,0:00,0.0,6.5,4.3,53
2018,1,30,火,2.4,6.0,14:33,-1.5,07:25,0,4.5,3.8,51
2018,1,31,水,3.2,7.9,14:33,-1.0,07:36,0,7.3,2.2,56
2018,2,1,木,2.1,4.1,04:56,-0.2,22:41,3.0,8.8,1.1,83
2018,2,2,金,3.4,7.9,14:48,-0.6,05:56,0,8.0,1.5,77
2018,2,3,土,4.6,8.7,14:06,1.2,02:07,0.0,9.3,2.8,67
2018,2,4,日,1.8,4.1,14:37,0.0,10:20,0.0,6.5,4.7,51
2018,2,5,月,1.2,3.4,11:23,-0.2,20:53,0.0,6.3,5.4,47
2018,2,6,火,0.3,4.3,14:10,-1.5,05:13,0.0,5.5,3.8,51
2018,2,7,水,1.2,4.9,13:01,-1.8,06:28,0,1.3,4.1,45
2018,2,8,木,2.2,7.2,13:33,-2.3,07:14,0.0,2.0,2.8,51
2018,2,9,金,2.9,9.8,12:52,-3.7,06:18,0,5.0,1.6,65
2018,2,10,土,5.3,7.0,15:33,2.3,00:37,27.0,10.0,1.6,89
2018,2,11,日,3.4,6.4,00:18,0.6,22:45,0.0,3.8,4.7,58
2018,2,12,月,2.0,6.2,14:19,-0.6,00:57,1.5,8.0,4.2,64
2018,2,13,火,2.8,6.3,13:06,0.0,23:59,0.0,5.3,4.0,58
2018,2,14,水,4.2,9.8,16:25,-2.5,06:59,0,3.0,1.6,62
2018,2,15,木,7.0,11.6,15:29,1.7,05:38,0.0,8.8,1.7,75
2018,2,16,金,6.7,11.0,15:17,1.7,06:59,0,10.0,1.7,64
2018,2,17,土,6.8,10.6,14:06,2.3,23:52,0.0,3.0,5.5,45
2018,2,18,日,3.9,8.7,15:54,0.5,06:47,0,6.5,1.8,50
2018,2,19,月,5.0,8.4,16:03,1.0,06:00,0,10.0,1.0,62
2018,2,20,火,7.6,13.0,14:44,1.2,06:48,0,3.3,1.9,54
2018,2,21,水,7.7,12.7,13:39,5.0,07:06,0.0,10.0,1.8,57
2018,2,22,木,5.7,8.7,15:35,3.0,06:52,0,10.0,1.4,63
2018,2,23,金,6.0,11.8,14:54,0.7,05:46,0,3.0,2.8,52
2018,2,24,土,8.0,15.1,14:54,0.6,07:13,0,4.0,2.8,56
2018,2,25,日,6.8,9.3,12:58,5.3,06:08,1.0,10.0,2.8,67
2018,2,26,月,8.8,14.4,14:44,5.1,07:14,0.5,5.3,1.6,68
2018,2,27,火,8.4,15.6,15:39,2.4,07:10,0,6.0,1.9,60
2018,2,28,水,9.9,15.8,15:08,2.6,05:01,5.0,8.0,2.9,68
2018,3,1,木,12.4,15.3,14:11,9.3,0:00,2.0,2.5,8.3,57
2018,3,2,金,8.6,13.0,15:16,4.4,0:00,0,1.8,2.9,44
2018,3,3,土,7.3,11.8,14:39,1.2,06:32,0,6.5,1.3,69
2018,3,4,日,10.8,18.5,15:29,4.3,06:59,0,3.0,1.5,78
2018,3,5,月,11.9,17.9,13:01,7.7,0:00,27.5,10.0,2.3,87
2018,3,6,火,7.8,11.4,15:44,4.6,0:00,0,3.5,2.9,55
2018,3,7,水,7.4,10.8,22:06,2.5,03:55,0.0,8.5,3.5,57
2018,3,8,木,9.8,10.7,00:06,8.2,06:39,14.5,10.0,4.1,83
2018,3,9,金,6.7,10.3,00:08,3.1,23:59,1.0,9.3,4.4,61
2018,3,10,土,5.6,11.6,15:51,0.8,06:27,0,1.5,2.3,51
2018,3,11,日,8.6,15.7,15:34,0.7,06:20,0,0.5,2.6,59
2018,3,12,月,8.6,15.0,15:55,2.6,06:46,0,5.8,1.4,64
2018,3,13,火,11.2,19.3,16:29,3.7,06:27,0,2.8,1.4,64
2018,3,14,水,14.0,21.3,15:37,6.9,06:41,0,0.0,1.3,64
2018,3,15,木,14.6,19.8,13:08,8.2,05:54,0.0,5.3,1.3,69
2018,3,16,金,9.1,14.7,00:05,4.2,23:41,11.5,8.8,2.6,79
2018,3,17,土,6.5,12.0,15:57,0.7,06:20,0,3.3,1.7,58
2018,3,18,日,9.1,14.5,12:40,2.6,06:25,0,7.3,1.3,73
2018,3,19,月,12.1,14.0,14:19,10.2,03:32,21.5,10.0,1.4,92
2018,3,20,火,8.3,11.0,00:01,5.4,0:00,21.5,10.0,2.6,88
2018,3,21,水,7.5,10.3,16:02,4.9,04:03,33.5,10.0,3.7,88
2018,3,22,木,9.0,12.2,11:16,4.8,0:00,9.0,7.5,4.3,70
2018,3,23,金,8.6,15.2,15:59,3.1,04:22,0,0.8,2.1,57
2018,3,24,土,10.6,17.2,15:12,3.3,06:33,0,2.0,3.1,57
2018,3,25,日,12.8,18.9,15:41,5.4,05:20,0,0.0,2.4,56
2018,3,26,月,13.5,21.7,15:18,6.7,06:08,0,5.5,1.5,56
2018,3,27,火,14.4,22.3,15:06,7.8,05:21,0,3.8,1.3,54
2018,3,28,水,15.8,23.7,15:36,8.1,06:00,0,0.0,1.8,53
2018,3,29,木,17.4,24.2,15:15,10.4,06:20,0.0,1.5,3.1,52
2018,3,30,金,14.1,19.6,14:58,9.1,23:59,0,2.5,2.6,39
2018,3,31,土,12.4,18.1,16:49,6.5,06:07,0,0.0,1.8,57
2018,4,1,日,15.6,21.8,16:43,9.6,04:15,0,6.0,1.5,67
2018,4,2,月,18.3,24.9,15:09,12.3,06:11,0,0.0,1.7,64
2018,4,3,火,19.4,25.8,13:32,12.9,05:57,0,0.8,2.0,59
2018,4,4,水,18.7,26.8,15:20,12.3,0:00,0.0,5.8,3.2,63
2018,4,5,木,12.9,15.6,14:30,10.3,05:51,0.0,10.0,2.8,68
2018,4,6,金,14.1,19.4,10:12,10.9,05:23,6.0,8.5,2.2,80
2018,4,7,土,9.5,12.9,11:26,6.4,19:42,1.0,8.5,6.4,57
2018,4,8,日,9.2,13.4,15:10,5.9,05:30,0,1.3,4.2,47
2018,4,9,月,12.5,18.6,14:17,4.7,05:59,0.0,8.0,2.7,58
2018,4,10,火,13.8,20.5,13:59,7.1,05:34,0,4.0,1.6,70
2018,4,11,水,16.1,21.8,14:54,10.8,06:02,0.0,10.0,1.4,68
2018,4,12,木,19.0,23.8,13:49,13.1,03:50,0,8.3,3.7,40
2018,4,13,金,15.2,20.8,15:11,10.4,05:59,0,3.3,2.8,37
2018,4,14,土,15.6,22.0,13:07,10.8,03:58,2.5,10.0,2.3,66
2018,4,15,日,14.6,17.7,14:25,11.5,23:58,7.0,9.0,2.9,71
2018,4,16,月,13.9,19.6,15:16,8.1,06:06,0,5.8,1.9,53
2018,4,17,火,13.3,15.5,17:14,11.4,05:45,0.5,10.0,2.1,64
2018,4,18,水,16.6,23.5,15:47,12.0,00:29,0.0,2.5,2.0,60
2018,4,19,木,17.2,24.5,14:53,10.4,05:33,0,0.0,1.8,58
2018,4,20,金,18.6,26.9,15:21,11.2,05:55,0,0.0,1.8,47
2018,4,21,土,19.0,26.8,15:33,11.9,05:46,0,0.0,1.7,56
2018,4,22,日,19.0,25.6,14:36,12.8,05:00,0,5.8,1.7,61
2018,4,23,月,18.7,24.4,13:17,13.2,05:19,0.0,7.8,1.9,68
2018,4,24,火,18.4,22.1,14:45,16.3,07:18,21.0,10.0,1.4,85
2018,4,25,水,15.8,17.8,02:18,12.1,23:29,17.0,8.5,4.5,75
2018,4,26,木,15.6,21.7,14:12,10.0,05:49,0,9.5,1.8,60
2018,4,27,金,17.2,22.7,16:22,13.3,05:40,0,7.3,2.8,58
2018,4,28,土,17.7,24.6,16:41,12.4,05:49,0,0.0,2.4,46
2018,4,29,日,18.1,26.0,13:50,10.6,05:16,0,1.3,1.7,58
2018,4,30,月,18.1,24.0,15:25,13.3,05:44,0.0,4.5,1.3,71
2018,5,1,火,19.8,26.8,15:25,13.6,05:44,0,7.5,1.6,66
2018,5,2,水,18.9,21.1,11:27,17.5,03:04,3.0,10.0,1.4,83
2018,5,3,木,18.3,20.6,15:50,15.3,0:00,0.0,7.3,6.2,54
2018,5,4,金,16.7,20.8,15:52,11.5,05:36,0.0,2.8,5.8,41
2018,5,5,土,19.7,25.7,14:30,13.9,04:55,0,5.0,4.6,30
2018,5,6,日,16.7,22.2,10:17,12.8,04:47,13.0,8.8,1.6,68
2018,5,7,月,17.1,19.1,11:41,15.1,01:19,32.0,10.0,1.2,94
2018,5,8,火,16.1,18.0,09:48,13.6,23:36,16.0,10.0,2.1,90
2018,5,9,水,15.9,19.9,15:40,13.3,0:00,5.5,4.8,3.1,64
2018,5,10,木,15.5,21.1,16:22,11.3,05:45,0,4.0,2.2,54
2018,5,11,金,16.9,22.9,14:37,9.8,05:31,0,5.8,1.6,59
2018,5,12,土,19.1,25.4,15:05,12.3,05:03,0,7.5,1.7,63
2018,5,13,日,17.9,19.5,09:42,17.1,11:46,28.5,10.0,1.7,87
2018,5,14,月,21.6,27.3,16:31,17.8,05:55,0,1.8,3.1,67
2018,5,15,火,21.5,29.4,15:42,15.4,05:12,0,7.0,1.5,63
2018,5,16,水,21.1,24.5,17:12,18.2,05:28,0,10.0,1.6,76
2018,5,17,木,23.7,28.4,17:32,18.5,05:19,0,8.8,1.7,70
2018,5,18,金,23.6,28.5,11:45,20.5,04:42,11.5,9.5,1.6,79
2018,5,19,土,17.9,22.6,01:26,13.1,0:00,0.5,8.0,3.3,66
2018,5,20,日,16.7,22.3,13:56,10.3,05:11,0,6.3,2.9,61
2018,5,21,月,20.9,26.5,16:53,16.6,05:07,0,5.0,3.7,48
2018,5,22,火,21.3,27.1,15:54,14.4,05:19,0,7.0,3.0,45
2018,5,23,水,18.4,20.7,00:12,16.8,12:08,7.0,10.0,2.1,85
2018,5,24,木,22.2,28.3,15:58,16.7,05:07,0,3.3,2.8,54
2018,5,25,金,22.6,28.5,16:37,16.8,05:10,0,9.8,1.5,54
2018,5,26,土,21.9,27.2,15:50,18.6,0:00,0,6.5,1.7,66
2018,5,27,日,22.1,27.9,13:22,16.5,05:44,0,5.5,1.7,62
2018,5,28,月,21.8,24.8,14:09,19.5,06:18,0.0,10.0,1.6,73
2018,5,29,火,22.7,27.6,12:13,20.6,06:28,0.0,10.0,2.5,72
2018,5,30,水,20.2,22.2,16:42,19.2,23:59,14.0,10.0,1.6,90
2018,5,31,木,20.7,24.0,15:40,18.4,0:00,4.5,10.0,2.2,82
2018,6,1,金,21.1,26.7,15:40,16.1,05:24,0,2.0,2.1,61
2018,6,2,土,21.7,27.9,15:41,16.5,05:01,0,0.3,2.0,64
2018,6,3,日,22.2,27.4,15:08,17.0,05:10,0,7.3,1.8,68
2018,6,4,月,23.1,28.5,13:13,17.9,05:03,0,5.5,1.9,63
2018,6,5,火,20.8,24.6,13:17,18.0,05:22,10.0,9.5,1.9,80
2018,6,6,水,19.8,21.1,12:35,18.8,07:22,9.0,10.0,2.2,94
2018,6,7,木,22.7,27.0,13:03,19.5,05:47,0.0,8.8,1.7,81
2018,6,8,金,22.2,25.8,13:49,20.0,02:34,3.0,10.0,1.5,91
2018,6,9,土,24.2,28.3,14:51,20.7,0:00,0.0,9.0,2.7,74
2018,6,10,日,20.9,23.4,12:51,19.6,05:51,1.5,10.0,2.9,78
2018,6,11,月,22.1,27.2,12:01,20.0,21:42,3.5,10.0,1.9,87
2018,6,12,火,21.3,25.5,15:07,18.2,0:00,1.0,7.8,2.7,76
2018,6,13,水,21.2,26.1,14:28,16.3,03:55,0,4.5,2.8,64
2018,6,14,木,20.4,23.0,13:26,16.9,04:55,0,8.5,2.5,65
2018,6,15,金,21.1,25.2,16:39,18.6,05:02,0.0,10.0,2.3,75
2018,6,16,土,21.1,25.7,15:19,18.0,05:14,0,5.3,2.4,62
2018,6,17,日,22.6,27.2,14:55,18.1,04:54,0.0,7.5,3.3,68
2018,6,18,月,23.7,27.6,12:32,21.5,06:00,2.0,10.0,2.4,73
2018,6,19,火,22.4,24.6,09:58,21.0,23:55,7.5,10.0,1.7,91
2018,6,20,水,22.0,23.7,12:09,20.8,05:48,37.0,10.0,1.8,95
2018,6,21,木,23.7,28.0,17:54,21.1,23:54,0.0,8.5,2.4,76
2018,6,22,金,24.2,29.7,15:05,18.8,04:26,0,7.8,1.7,67
2018,6,23,土,21.5,23.8,10:56,19.1,12:56,6.0,10.0,1.5,85
2018,6,24,日,24.5,30.3,15:19,19.6,03:03,1.0,8.3,2.7,73
2018,6,25,月,25.6,30.7,14:48,19.9,05:24,0,4.3,1.8,67
2018,6,26,火,25.3,29.9,13:57,22.3,05:35,0.5,9.5,1.7,80
2018,6,27,水,27.5,32.9,13:09,22.8,03:19,0.0,9.8,1.8,73
2018,6,28,木,27.5,30.8,17:06,24.7,04:04,0.0,10.0,1.7,74
2018,6,29,金,24.7,28.0,00:13,22.9,22:38,33.5,10.0,1.4,87
2018,6,30,土,25.5,30.1,12:19,22.8,04:16,3.5,10.0,1.7,89
2018,7,1,日,28.1,33.2,15:47,22.9,04:45,0.5,8.0,3.3,74
2018,7,2,月,29.2,33.7,10:37,25.0,05:40,0.5,7.5,2.7,70
2018,7,3,火,27.5,29.1,16:01,25.9,04:22,0.0,10.0,3.8,73
2018,7,4,水,28.0,33.1,13:29,24.1,06:19,24.5,9.0,2.1,77
2018,7,5,木,24.4,26.4,00:01,22.7,0:00,103.5,10.0,1.4,97
2018,7,6,金,23.1,24.5,17:18,22.0,0:00,103.0,10.0,1.5,98
2018,7,7,土,23.2,24.4,13:32,21.7,03:44,79.5,10.0,1.5,97
2018,7,8,日,25.9,30.9,17:06,22.5,05:30,1.0,9.3,1.6,84
2018,7,9,月,27.3,31.5,11:39,24.3,04:48,0.0,8.0,2.1,77
2018,7,10,火,28.0,32.7,12:40,23.6,05:29,0,5.5,1.9,77
2018,7,11,水,27.9,32.4,15:00,24.4,04:17,0.0,10.0,1.7,80
2018,7,12,木,28.6,31.7,16:13,25.8,05:37,0,10.0,1.4,73
2018,7,13,金,29.8,35.0,14:59,25.0,05:44,0,9.0,2.0,68
2018,7,14,土,30.7,35.3,16:12,25.8,05:43,0,3.8,1.8,64
2018,7,15,日,30.7,35.1,16:38,26.7,05:01,0,0.3,1.8,67
2018,7,16,月,30.7,35.5,16:34,26.8,06:15,0,2.0,1.8,69
2018,7,17,火,30.9,35.3,16:56,26.9,05:06,0,7.8,1.7,69
2018,7,18,水,31.2,36.6,16:31,26.9,06:06,0,8.0,1.7,67
2018,7,19,木,31.7,37.1,16:56,27.5,05:15,0,1.0,1.8,63
2018,7,20,金,31.1,37.0,15:28,26.9,05:25,0,1.0,2.8,67
2018,7,21,土,30.1,34.6,14:29,26.5,05:14,0,2.0,2.2,70
2018,7,22,日,30.6,35.2,15:38,26.4,04:54,0,2.3,2.1,71
2018,7,23,月,32.2,37.1,15:04,27.9,05:38,0,2.8,2.8,65
2018,7,24,火,32.6,37.7,15:57,28.4,05:50,0,6.8,2.0,62
2018,7,25,水,31.1,36.3,14:43,27.2,05:14,0,5.5,2.1,63
2018,7,26,木,30.9,37.1,15:06,27.2,05:39,0,9.3,1.9,68
2018,7,27,金,30.0,34.7,14:11,27.2,05:07,0.0,7.5,2.3,70
2018,7,28,土,29.2,33.3,12:34,26.5,05:28,0.0,10.0,2.6,64
2018,7,29,日,27.8,32.2,14:51,23.5,07:39,38.5,7.3,5.7,73
2018,7,30,月,29.4,32.9,13:27,26.2,04:49,0.0,6.8,4.1,67
2018,7,31,火,29.7,34.0,15:21,25.9,05:42,0,1.5,3.8,66
2018,8,1,水,30.0,34.4,14:18,26.5,05:15,0,3.0,2.5,73
2018,8,2,木,30.5,35.6,15:15,26.6,04:33,0,1.5,1.6,72
2018,8,3,金,31.7,36.6,14:07,27.7,04:11,0,4.5,3.3,63
2018,8,4,土,31.7,36.7,16:28,27.3,05:08,0,0.5,1.9,62
2018,8,5,日,32.4,37.7,15:00,27.3,05:43,0,2.3,2.5,56
2018,8,6,月,32.0,37.2,16:01,28.8,06:13,0,4.3,2.6,62
2018,8,7,火,30.0,34.3,16:54,26.6,0:00,0,6.0,2.5,61
2018,8,8,水,28.4,34.4,15:34,24.0,05:46,0,3.3,2.6,55
2018,8,9,木,28.7,32.7,13:03,25.8,01:12,0.0,10.0,2.7,65
2018,8,10,金,29.6,34.6,13:36,27.1,00:32,0,8.5,1.7,70
2018,8,11,土,29.8,33.8,16:57,26.6,05:51,0,6.8,2.4,74
2018,8,12,日,30.4,34.8,17:03,26.9,06:06,0.0,8.3,1.9,74
2018,8,13,月,30.9,36.4,15:56,27.5,04:23,0,8.0,2.1,73
2018,8,14,火,31.1,37.6,15:37,27.4,04:44,0,7.8,3.4,66
2018,8,15,水,27.7,29.9,14:06,25.7,0:00,20.0,9.0,1.9,87
2018,8,16,木,27.5,32.4,15:24,25.3,06:10,2.5,10.0,2.0,84
2018,8,17,金,26.2,30.4,13:19,23.2,0:00,0,4.0,3.1,56
2018,8,18,土,25.0,29.8,14:09,19.9,05:48,0,6.0,2.2,60
2018,8,19,日,26.7,31.1,15:11,21.9,05:39,0,5.5,2.6,63
2018,8,20,月,27.2,31.5,15:27,22.3,04:58,0,8.0,2.8,65
2018,8,21,火,30.3,34.8,14:48,27.5,05:48,0.0,5.8,4.5,69
2018,8,22,水,31.5,36.6,14:15,28.2,04:55,0.0,6.0,4.8,59
2018,8,23,木,29.5,33.3,12:58,24.7,22:38,50.5,9.3,7.1,71
2018,8,24,金,31.6,36.3,14:53,25.2,00:06,4.0,8.3,3.7,62
2018,8,25,土,31.9,36.5,13:53,28.1,06:33,0.0,4.8,3.3,58
2018,8,26,日,30.0,34.2,14:52,25.6,05:29,0,1.8,1.9,65
2018,8,27,月,30.0,34.8,14:36,26.3,05:59,0,3.8,2.3,67
2018,8,28,火,29.9,34.5,13:26,27.0,06:15,0,7.8,2.6,68
2018,8,29,水,29.7,33.6,15:09,25.8,05:23,0,1.0,1.9,70
2018,8,30,木,29.4,33.6,14:16,24.9,06:10,0,5.8,2.1,70
2018,8,31,金,29.9,35.2,13:49,26.2,05:33,0,5.0,3.3,69
2018,9,1,土,25.9,27.7,04:25,22.8,23:26,8.5,10.0,2.2,83
2018,9,2,日,25.7,30.2,14:53,22.5,04:31,0.0,6.8,2.2,82
2018,9,3,月,27.7,34.2,15:10,22.5,05:57,0,4.5,2.8,72
2018,9,4,火,26.7,29.5,17:34,24.2,13:04,87.0,9.0,5.6,82
2018,9,5,水,27.4,31.2,14:43,23.6,05:01,0.0,4.5,3.7,62
2018,9,6,木,26.0,29.8,14:56,22.0,05:40,0.0,8.8,1.8,67
2018,9,7,金,27.1,33.7,14:07,24.1,23:57,23.5,10.0,1.8,78
2018,9,8,土,21.8,24.2,00:03,20.3,20:37,84.5,10.0,1.8,93
2018,9,9,日,22.7,24.2,16:03,21.4,04:13,48.5,10.0,1.0,98
2018,9,10,月,23.0,25.1,17:02,21.7,07:44,23.5,9.5,1.8,83
2018,9,11,火,23.9,27.6,16:07,20.9,06:24,0.0,9.0,1.8,72
2018,9,12,水,24.3,27.5,13:44,22.1,05:01,0.0,10.0,2.9,78
2018,9,13,木,23.9,26.5,13:05,22.3,23:59,2.0,10.0,3.2,82
2018,9,14,金,24.0,26.5,13:52,22.4,01:42,3.5,10.0,1.8,90
2018,9,15,土,25.5,28.7,14:26,22.7,05:20,0.5,10.0,1.7,87
2018,9,16,日,27.6,31.6,14:24,24.4,05:37,0.0,6.8,3.0,75
2018,9,17,月,26.1,30.3,13:20,23.7,23:44,0.0,7.3,2.5,74
2018,9,18,火,25.4,28.8,16:01,22.6,05:23,0,3.8,1.4,75
2018,9,19,水,25.4,29.2,15:48,22.0,0:00,0.0,8.5,1.8,65
2018,9,20,木,21.2,23.1,15:18,19.1,07:22,26.5,10.0,1.8,91
2018,9,21,金,24.0,26.8,12:06,21.6,00:24,4.0,10.0,1.3,93
2018,9,22,土,25.3,28.5,16:09,21.8,0:00,1.5,7.5,2.4,79
2018,9,23,日,23.3,26.7,14:38,21.1,05:40,0.0,7.5,1.2,79
2018,9,24,月,23.2,26.7,14:29,20.6,04:26,0.0,10.0,1.4,78
2018,9,25,火,21.8,24.9,15:48,18.8,05:14,6.5,10.0,1.6,77
2018,9,26,水,21.5,24.2,10:41,18.9,05:15,9.0,10.0,1.7,73
2018,9,27,木,21.3,25.8,16:10,18.6,01:26,4.0,7.8,2.0,76
2018,9,28,金,20.8,25.3,15:58,15.4,06:24,0.0,0.8,2.2,66
2018,9,29,土,19.1,21.7,00:06,17.1,03:02,23.5,10.0,1.8,94
2018,9,30,日,22.0,24.8,17:54,19.9,02:13,171.0,10.0,6.3,91
2018,10,1,月,22.0,24.6,15:20,19.1,23:23,1.0,3.5,5.0,56
2018,10,2,火,20.9,25.2,15:01,16.4,06:16,0,8.0,2.1,61
2018,10,3,水,20.3,25.4,14:42,15.8,05:35,0,5.3,1.6,71
2018,10,4,木,20.4,22.1,10:12,17.9,00:51,6.0,10.0,2.2,82
2018,10,5,金,24.2,27.3,13:42,21.1,00:22,0.0,10.0,4.5,83
2018,10,6,土,28.3,34.0,14:18,23.2,06:54,0.0,6.3,3.4,66
2018,10,7,日,24.9,27.7,15:34,22.7,0:00,0.0,8.5,2.1,71
2018,10,8,月,23.1,27.1,15:01,19.8,23:58,0.0,5.5,1.6,73
2018,10,9,火,22.1,26.0,13:43,18.2,06:11,0.0,7.0,1.8,73
2018,10,10,水,21.2,24.1,13:57,19.7,0:00,5.5,10.0,1.4,85
2018,10,11,木,17.1,19.7,00:56,15.4,23:37,19.5,10.0,2.3,90
2018,10,12,金,16.9,21.6,14:23,13.2,06:43,0,9.8,2.4,62
2018,10,13,土,16.6,22.2,15:33,11.9,06:45,0,2.0,1.7,69
2018,10,14,日,18.0,23.2,15:21,12.7,05:59,0,5.8,1.7,67
2018,10,15,月,19.2,23.8,13:50,16.1,23:53,0,8.0,1.5,70
2018,10,16,火,18.5,22.2,13:03,14.9,05:44,0.0,10.0,1.9,76
2018,10,17,水,18.9,23.0,15:15,15.9,07:09,0.0,9.3,1.6,69
2018,10,18,木,18.3,22.9,15:57,13.9,06:09,0.0,2.5,1.6,71
2018,10,19,金,18.3,22.8,13:28,14.4,04:30,1.0,4.0,2.6,67
2018,10,20,土,17.9,21.8,13:51,13.0,0:00,0,4.8,2.7,57
2018,10,21,日,16.0,21.6,14:24,10.2,06:14,0,0.0,1.6,65
2018,10,22,月,17.0,21.7,12:13,11.6,06:10,0,5.0,1.3,77
2018,10,23,火,18.1,21.6,10:06,15.6,04:55,7.0,10.0,1.6,86
2018,10,24,水,19.0,23.0,15:55,15.4,0:00,0.0,4.0,1.7,74
2018,10,25,木,16.3,21.3,14:50,12.1,06:42,0,0.0,1.7,70
2018,10,26,金,17.2,21.7,12:35,11.5,06:22,2.5,5.0,1.3,75
2018,10,27,土,18.3,21.6,13:01,14.8,22:22,1.0,8.3,3.9,62
2018,10,28,日,15.9,19.8,13:38,12.3,0:00,0,3.8,2.9,57
2018,10,29,月,16.0,21.7,14:27,10.6,02:47,0.0,2.3,2.2,59
2018,10,30,火,16.8,19.9,13:11,14.3,22:29,0.0,6.5,2.9,55
2018,10,31,水,14.6,16.8,13:07,11.1,23:59,0,10.0,2.6,58
2018,11,1,木,13.1,17.7,13:02,8.5,05:42,0,4.0,2.3,61
2018,11,2,金,13.2,18.6,14:37,8.5,07:01,0,8.0,1.8,67
2018,11,3,土,13.7,19.2,13:54,9.0,06:45,0,1.8,1.7,69
2018,11,4,日,14.0,20.1,14:14,9.4,06:05,0,4.3,1.7,72
2018,11,5,月,15.3,20.4,14:42,10.2,06:41,0,6.0,1.7,73
2018,11,6,火,17.2,22.7,14:52,12.7,02:52,0,5.5,1.9,71
2018,11,7,水,16.2,21.0,15:17,11.3,06:24,0,2.0,1.5,72
2018,11,8,木,17.2,22.1,12:31,12.2,06:13,0,8.3,1.3,81
2018,11,9,金,18.8,24.0,11:34,16.1,02:08,0.0,6.5,2.4,75
2018,11,10,土,17.0,21.0,15:26,11.8,0:00,0,2.8,2.4,55
2018,11,11,日,14.3,19.4,14:05,9.8,06:33,0,4.5,1.7,64
2018,11,12,月,13.9,17.4,12:06,10.8,07:34,2.5,10.0,1.2,80
2018,11,13,火,13.8,16.6,14:02,12.1,23:58,1.0,9.0,2.0,79
2018,11,14,水,13.2,17.3,14:15,9.1,06:58,0,5.5,2.8,62
2018,11,15,木,12.4,17.5,13:48,7.9,06:27,0,2.5,1.7,66
2018,11,16,金,13.2,17.8,12:48,7.4,06:17,0.0,6.8,1.3,69
2018,11,17,土,15.6,19.5,13:24,13.0,02:43,0.0,9.3,2.1,67
2018,11,18,日,14.3,18.6,12:10,9.2,07:01,0.0,5.8,1.5,73
2018,11,19,月,13.8,15.5,13:52,12.4,0:00,1.5,8.8,2.3,72
2018,11,20,火,12.1,16.9,13:46,8.2,23:59,0,4.5,2.3,66
2018,11,21,水,11.1,15.1,14:09,6.6,06:26,0.0,10.0,1.4,72
2018,11,22,木,11.3,14.8,15:36,8.5,23:46,3.5,7.8,3.3,72
2018,11,23,金,9.4,13.4,11:52,5.0,0:00,0,5.3,3.3,54
2018,11,24,土,8.1,13.7,13:50,3.1,06:55,0,1.3,1.6,68
2018,11,25,日,10.5,17.7,15:30,4.4,06:48,0,4.3,1.4,74
2018,11,26,月,11.9,15.9,13:50,7.7,07:11,0,8.5,1.1,78
2018,11,27,火,14.1,17.5,15:59,10.4,07:05,0.0,10.0,1.1,77
2018,11,28,水,13.4,16.4,13:03,11.2,0:00,5.0,8.5,1.1,87
2018,11,29,木,12.2,17.2,13:14,8.3,07:01,0,0.5,2.3,73
2018,11,30,金,11.6,17.2,13:26,6.6,07:00,0,1.8,2.3,68
2018,12,1,土,13.1,17.9,14:06,9.4,04:26,0,9.5,2.2,68
2018,12,2,日,12.7,16.2,13:57,7.8,06:23,0.5,5.8,1.7,77
2018,12,3,月,15.2,17.4,16:15,12.6,01:20,12.5,10.0,1.5,95
2018,12,4,火,16.8,19.5,20:58,14.3,08:21,3.0,9.5,1.5,94
2018,12,5,水,15.3,18.9,14:50,12.6,0:00,0.5,10.0,2.3,78
2018,12,6,木,12.9,14.2,10:34,11.8,13:20,3.0,10.0,2.7,85
2018,12,7,金,10.8,13.4,02:34,6.8,0:00,0,10.0,4.0,61
2018,12,8,土,6.0,8.6,10:42,4.1,19:56,0,8.0,4.8,52
2018,12,9,日,5.3,8.4,11:20,2.8,0:00,0,9.5,3.5,56
2018,12,10,月,5.2,10.1,15:02,2.1,05:01,0,7.0,1.5,69
2018,12,11,火,6.8,11.2,11:25,2.0,05:13,5.0,8.5,1.8,81
2018,12,12,水,9.4,13.4,13:52,5.5,23:55,7.5,8.3,3.3,74
2018,12,13,木,8.2,12.2,13:54,3.7,04:12,0,4.8,3.1,65
2018,12,14,金,7.7,9.9,13:02,4.3,23:51,0.0,5.3,2.8,61
2018,12,15,土,5.8,11.0,13:33,2.2,04:04,0,4.5,1.5,71
2018,12,16,日,6.6,11.7,14:27,0.7,06:49,6.5,5.8,1.1,80
2018,12,17,月,9.8,13.3,11:37,7.9,05:14,0.5,9.8,3.5,70
2018,12,18,火,9.1,11.7,11:51,6.5,07:53,0.0,6.5,3.7,53
2018,12,19,水,9.5,14.1,14:18,4.1,07:25,0,3.8,3.6,64
2018,12,20,木,10.7,13.9,10:34,7.9,00:44,1.0,10.0,1.9,84
2018,12,21,金,11.2,14.1,11:58,7.1,07:21,0.5,8.0,1.7,87
2018,12,22,土,12.0,14.0,15:55,10.2,23:08,2.0,10.0,1.6,94
2018,12,23,日,12.4,15.7,11:50,10.0,07:43,0.5,7.8,1.7,86
2018,12,24,月,8.9,11.5,12:42,5.6,0:00,0.0,4.5,1.8,69
2018,12,25,火,7.0,12.1,14:42,3.1,06:39,0,3.5,1.5,79
2018,12,26,水,8.4,10.2,14:09,5.5,00:13,0.0,10.0,1.7,82
2018,12,27,木,8.6,12.3,14:30,5.5,0:00,0.0,5.3,4.4,52
2018,12,28,金,4.5,6.5,12:02,2.3,0:00,0.0,5.8,5.0,56
2018,12,29,土,4.6,7.6,12:40,2.1,00:21,0,2.0,5.2,59
2018,12,30,日,5.0,8.2,16:04,1.9,23:58,0,4.0,3.7,62
2018,12,31,月,4.3,8.0,13:35,1.5,0:00,0,7.3,1.7,67
2019,1,1,火,5.7,10.1,14:31,-0.3,04:32,0.0,4.5,2.7,64
2019,1,2,水,6.7,9.8,13:32,4.9,07:43,0.0,3.0,4.5,54
2019,1,3,木,6.2,10.6,12:55,1.9,03:18,0,3.0,3.1,58
2019,1,4,金,6.1,10.9,13:29,0.5,06:20,0,4.8,1.4,66
2019,1,5,土,9.4,11.9,15:19,7.4,00:47,0.0,5.5,2.2,63
2019,1,6,日,6.7,9.3,14:20,3.5,04:35,0.0,5.3,1.9,64
2019,1,7,月,6.6,11.7,14:17,1.1,06:36,0,3.5,1.9,66
2019,1,8,火,8.2,12.3,12:55,4.3,06:20,0,7.3,2.9,59
2019,1,9,水,5.7,7.9,00:11,1.4,0:00,0.0,5.5,3.4,52
2019,1,10,木,5.6,10.1,0:00,-0.3,04:23,0.0,7.5,2.2,67
2019,1,11,金,9.2,12.6,12:48,6.5,07:07,0,9.0,2.1,58
2019,1,12,土,6.0,7.7,00:01,3.2,0:00,2.0,10.0,1.7,80
2019,1,13,日,5.5,11.3,15:51,1.1,06:20,0,0.3,1.3,75
2019,1,14,月,5.9,12.4,14:51,0.8,06:44,0,2.5,1.3,72
2019,1,15,火,7.1,12.7,15:35,2.4,05:48,0.5,9.5,1.9,73
2019,1,16,水,7.5,11.0,14:03,3.5,23:59,0.0,6.0,3.0,58
2019,1,17,木,6.9,9.9,13:50,2.8,04:47,0,7.3,4.2,55
2019,1,18,金,8.1,11.8,15:37,4.6,0:00,0.0,5.5,3.5,60
2019,1,19,土,7.6,13.9,14:15,1.4,07:17,0,4.8,1.7,63
2019,1,20,日,8.4,11.9,14:22,6.8,00:43,4.5,7.3,2.3,68
2019,1,21,月,7.2,10.9,12:15,4.0,23:43,0.0,5.5,3.5,59
2019,1,22,火,7.9,11.3,13:16,3.1,23:55,0.0,4.8,2.9,58
2019,1,23,水,8.9,13.4,14:29,2.2,03:14,0,3.3,4.2,57
2019,1,24,木,7.3,9.8,00:28,3.8,0:00,0,7.5,2.7,56
2019,1,25,金,6.9,12.5,13:30,0.9,06:59,0.0,8.8,2.6,56
2019,1,26,土,4.1,7.3,00:02,2.4,23:34,0.0,5.3,3.9,59
2019,1,27,日,5.3,9.3,16:02,2.1,23:48,0,7.0,3.2,58
2019,1,28,月,6.2,11.9,11:16,0.3,06:42,1.5,9.8,3.8,68
2019,1,29,火,5.9,8.8,12:27,1.9,23:59,0,6.0,2.3,58
2019,1,30,水,4.9,10.4,14:21,-0.6,06:25,0,4.0,1.3,72
2019,1,31,木,5.9,7.9,11:58,3.8,22:54,15.5,10.0,1.5,87
2019,2,1,金,5.2,8.4,15:55,2.9,07:21,0.0,6.3,2.4,67
2019,2,2,土,6.3,11.5,14:37,2.2,07:25,0,3.8,2.2,66
2019,2,3,日,7.0,11.6,13:54,2.2,04:16,2.0,8.0,1.5,84
2019,2,4,月,11.3,14.8,12:15,6.4,23:53,1.0,6.0,3.6,63
2019,2,5,火,7.7,11.6,13:06,2.5,07:27,0.0,3.5,2.2,62
2019,2,6,水,8.4,11.9,14:16,6.2,03:21,21.5,9.3,1.5,91
2019,2,7,木,9.9,15.3,15:48,4.6,04:58,0.0,10.0,2.0,82
2019,2,8,金,7.5,10.3,14:28,4.9,0:00,0.0,9.5,3.1,61
2019,2,9,土,5.9,8.7,14:14,4.3,0:00,0.0,8.5,3.0,65
2019,2,10,日,4.7,7.4,10:50,2.6,21:31,0,5.5,2.5,61
2019,2,11,月,4.0,6.7,21:20,0.6,07:38,5.5,10.0,2.0,83
2019,2,12,火,5.7,10.2,15:25,0.9,06:25,0,4.3,2.4,59
2019,2,13,水,7.0,11.4,15:14,3.2,01:26,0,4.8,2.7,57
2019,2,14,木,5.3,8.9,14:17,1.5,0:00,0,7.5,2.5,59
2019,2,15,金,4.3,7.8,12:06,0.2,06:55,0.0,10.0,1.2,72
2019,2,16,土,7.8,11.0,14:57,5.5,04:20,0.0,10.0,3.1,66
2019,2,17,日,6.9,11.5,12:32,2.8,07:09,0.0,6.0,2.5,66
2019,2,18,月,6.7,11.8,15:18,1.0,07:04,0,7.3,1.7,66
2019,2,19,火,10.3,13.1,23:42,7.8,06:41,7.5,8.3,1.6,90
2019,2,20,水,12.3,14.1,12:59,8.3,0:00,0.0,9.8,4.0,68
2019,2,21,木,7.9,10.8,13:43,4.6,23:53,0,9.8,2.1,59
2019,2,22,金,7.5,11.1,12:28,2.7,06:54,0,10.0,1.6,64
2019,2,23,土,9.3,13.9,13:32,4.5,0:00,0,8.8,2.6,51
2019,2,24,日,6.7,12.2,14:05,2.0,05:50,0,7.5,1.4,66
2019,2,25,月,9.2,16.5,15:45,2.0,06:45,0,5.3,1.3,70
2019,2,26,火,10.5,15.2,15:37,6.9,23:07,0,2.8,2.2,56
2019,2,27,水,7.7,9.6,11:42,4.5,05:01,0.0,9.8,2.0,64
2019,2,28,木,8.2,9.6,20:28,6.7,06:25,6.5,10.0,1.9,91
2019,3,1,金,10.4,15.4,15:16,5.1,06:45,0,6.0,2.3,66
2019,3,2,土,9.2,13.0,14:11,3.8,06:05,0.0,7.8,2.0,60
2019,3,3,日,8.3,10.6,13:50,7.0,05:53,5.0,10.0,1.6,80
2019,3,4,月,9.0,11.5,16:28,6.3,22:55,12.0,7.5,2.5,85
2019,3,5,火,10.3,15.3,15:40,4.9,06:01,0,4.3,2.3,59
2019,3,6,水,10.0,13.2,12:10,8.3,06:15,10.5,10.0,1.4,83
2019,3,7,木,9.6,12.1,09:13,6.6,0:00,2.0,7.3,3.5,69
2019,3,8,金,8.0,13.4,15:37,3.1,05:54,0,0.3,2.1,54
2019,3,9,土,8.4,14.5,13:51,1.5,06:43,0,4.8,1.7,67
2019,3,10,日,9.9,11.3,13:00,7.0,03:50,12.5,10.0,3.0,90
2019,3,11,月,12.5,15.6,14:27,9.0,23:54,5.0,5.8,5.0,71
2019,3,12,火,11.4,15.6,15:15,6.5,03:42,0.5,4.3,4.0,62
2019,3,13,水,8.9,11.8,03:18,4.7,23:22,0.5,4.5,5.4,43
2019,3,14,木,8.6,13.0,13:53,4.4,06:27,0,6.3,3.4,49
2019,3,15,金,8.5,14.5,15:19,2.3,06:47,0.0,3.0,1.8,60
2019,3,16,土,8.5,12.9,15:12,4.1,03:34,2.0,3.8,4.2,67
2019,3,17,日,8.6,14.0,15:18,4.3,05:42,0.5,2.3,3.5,66
2019,3,18,月,8.4,13.6,14:29,1.7,06:25,0,8.8,1.7,65
2019,3,19,火,9.6,12.8,17:17,6.9,23:53,20.0,7.5,1.5,90
2019,3,20,水,11.0,17.2,14:01,4.4,05:04,0.0,7.5,1.6,76
2019,3,21,木,16.1,21.6,15:42,11.5,02:47,1.5,8.5,1.5,80
2019,3,22,金,12.3,18.2,00:19,7.7,0:00,0.0,10.0,3.6,61
2019,3,23,土,6.6,11.3,13:31,2.9,0:00,2.5,8.3,2.1,70
2019,3,24,日,8.0,13.8,14:49,1.9,03:16,0.0,1.8,2.2,63
2019,3,25,月,9.1,13.0,10:44,3.5,04:41,0,9.0,1.4,65
2019,3,26,火,12.4,18.2,14:47,6.1,03:07,0,3.0,3.6,57
2019,3,27,水,14.7,21.4,14:15,6.6,06:07,0,5.5,2.7,48
2019,3,28,木,14.5,18.5,14:17,9.2,23:56,0.0,10.0,3.7,59
2019,3,29,金,11.3,15.6,16:08,8.2,06:25,0,9.8,2.3,58
2019,3,30,土,11.8,14.6,17:10,8.9,05:11,13.0,10.0,1.4,82
2019,3,31,日,11.0,13.5,16:39,7.7,0:00,0.0,5.8,5.6,50
2019,4,1,月,7.5,11.5,16:17,3.9,0:00,1.0,7.3,3.7,66
2019,4,2,火,7.6,13.2,13:27,2.2,06:07,1.5,4.8,3.3,64
2019,4,3,水,8.5,14.6,16:19,2.7,06:29,0,2.8,1.9,55
2019,4,4,木,11.4,18.3,15:23,4.2,04:48,0,2.5,2.8,53
2019,4,5,金,14.4,20.8,12:38,6.8,06:01,0,7.5,3.3,44
2019,4,6,土,17.3,23.7,16:20,12.5,04:51,0,0.0,3.6,46
2019,4,7,日,16.9,24.2,14:48,9.4,04:50,0.0,5.0,2.3,55
2019,4,8,月,15.4,22.0,15:22,10.3,0:00,9.0,5.3,4.4,60
2019,4,9,火,12.2,17.0,15:15,7.2,06:15,0.0,5.0,2.8,44
2019,4,10,水,10.4,12.0,08:02,9.0,12:29,10.0,9.8,4.0,86
2019,4,11,木,11.7,15.7,13:29,8.8,06:35,0,6.3,2.9,56
2019,4,12,金,11.5,16.4,15:51,6.6,04:41,0,5.5,1.7,51
2019,4,13,土,11.7,16.7,15:20,5.4,05:53,0,4.0,1.7,56
2019,4,14,日,13.1,15.4,10:53,11.0,01:41,13.0,10.0,1.4,79
2019,4,15,月,14.0,18.5,15:18,10.0,23:56,0,3.5,3.1,59
2019,4,16,火,13.6,19.3,16:28,6.9,05:37,0,10.0,1.5,60
2019,4,17,水,15.2,20.0,13:32,11.4,06:25,0,7.8,2.0,65
2019,4,18,木,16.8,24.2,16:02,9.6,05:41,0,3.8,1.7,62
2019,4,19,金,17.3,23.6,13:40,12.6,04:16,0.0,7.0,2.6,65
2019,4,20,土,15.8,22.0,15:59,10.6,05:54,0,0.8,2.3,56
2019,4,21,日,18.6,24.8,14:54,12.6,04:33,0,4.0,1.6,68
2019,4,22,月,21.0,27.6,16:05,16.1,01:46,0,3.3,1.8,60
2019,4,23,火,18.4,21.6,14:08,15.0,04:52,2.0,10.0,2.3,64
2019,4,24,水,20.2,23.1,12:44,17.9,23:29,0.5,10.0,2.7,80
2019,4,25,木,20.7,25.6,14:27,17.0,03:59,0.0,8.5,1.8,80
2019,4,26,金,19.3,24.2,15:23,12.6,23:57,0.5,9.3,3.9,70
2019,4,27,土,12.6,17.2,15:55,8.5,23:58,5.5,3.8,3.7,57
2019,4,28,日,12.3,16.5,11:21,7.0,04:11,0,8.0,1.9,49
2019,4,29,月,14.7,19.6,11:56,12.9,21:28,15.5,10.0,2.4,74
2019,4,30,火,14.8,17.7,13:55,12.6,03:12,11.0,10.0,1.6,94
2019,5,1,水,16.9,19.7,15:28,15.2,05:24,3.5,10.0,1.5,91
2019,5,2,木,19.2,25.2,15:40,14.6,06:00,0,8.0,2.7,62
2019,5,3,金,19.4,25.7,14:47,14.1,05:27,0,7.3,1.7,58
2019,5,4,土,19.8,27.2,16:26,13.3,05:33,0,3.8,1.7,53
2019,5,5,日,19.4,25.4,15:57,13.8,05:15,0,7.8,2.0,58
2019,5,6,月,18.2,24.8,12:57,13.5,23:49,0.0,9.5,2.4,65
2019,5,7,火,14.9,20.1,15:40,10.9,04:49,0,0.5,2.0,48
2019,5,8,水,15.7,22.1,14:25,8.3,05:27,0,5.5,2.0,45
2019,5,9,木,17.1,21.3,14:51,13.9,05:07,0.0,9.5,1.5,64
2019,5,10,金,19.2,26.0,15:45,13.1,05:42,0,9.5,1.9,56
2019,5,11,土,21.3,29.5,15:36,13.7,05:08,0,1.5,1.6,46
2019,5,12,日,21.5,28.3,15:33,14.3,05:24,0,5.0,2.0,38
2019,5,13,月,20.6,27.4,14:07,14.6,05:25,0,7.3,2.0,62
2019,5,14,火,20.6,26.1,13:25,17.0,0:00,0.0,7.5,2.4,65
2019,5,15,水,20.5,25.9,16:19,15.9,04:50,0,10.0,2.4,68
2019,5,16,木,21.3,27.3,16:17,16.5,05:05,0,7.0,2.0,66
2019,5,17,金,22.3,28.5,15:58,16.4,05:09,0,7.0,3.4,57
2019,5,18,土,22.0,24.9,12:00,20.3,06:00,0.0,10.0,5.3,58
2019,5,19,日,22.6,27.0,12:14,19.8,04:38,0.0,8.8,5.0,58
2019,5,20,月,22.3,26.1,12:17,19.3,23:08,14.0,10.0,4.7,72
2019,5,21,火,20.7,25.5,15:20,17.3,0:00,0.5,8.8,3.3,61
2019,5,22,水,21.6,27.7,15:20,14.7,05:25,0,4.0,3.2,46
2019,5,23,木,22.3,30.2,15:21,14.3,05:07,0,0.5,2.3,43
2019,5,24,金,25.2,32.6,15:59,17.4,05:36,0,0.0,2.8,37
2019,5,25,土,24.9,31.5,14:33,17.7,05:23,0,5.0,1.6,46
2019,5,26,日,24.6,30.9,16:45,18.5,05:07,0,6.5,1.5,57
2019,5,27,月,23.6,27.6,13:18,18.9,05:33,0.0,10.0,2.1,58
2019,5,28,火,19.8,21.5,14:06,18.0,0:00,11.5,10.0,1.9,89
2019,5,29,水,20.6,26.3,16:02,16.3,05:29,0,6.5,3.7,53
2019,5,30,木,21.1,27.3,14:49,13.8,05:11,0,6.0,1.8,54
2019,5,31,金,20.2,22.6,14:24,17.9,23:45,1.0,10.0,1.5,81
2019,6,1,土,21.7,26.6,15:23,17.0,05:20,0,10.0,1.9,68
2019,6,2,日,20.6,22.4,16:45,19.3,06:35,0.5,10.0,1.8,82
2019,6,3,月,23.1,28.2,16:47,18.0,05:04,0.0,8.8,1.6,70
2019,6,4,火,23.9,28.8,14:06,20.0,05:41,0.0,10.0,2.0,74
2019,6,5,水,25.4,31.8,16:28,20.9,05:03,0,6.3,2.3,66
2019,6,6,木,26.2,32.1,15:41,20.8,05:35,0,8.3,2.1,55
2019,6,7,金,23.2,25.5,15:31,20.5,10:36,3.0,10.0,2.3,79
2019,6,8,土,23.0,25.9,12:30,19.4,0:00,0,7.0,5.1,64
2019,6,9,日,21.7,25.8,13:53,17.8,05:38,0,8.8,2.8,61
2019,6,10,月,22.6,28.3,15:06,20.0,05:32,0.5,7.8,1.8,71
2019,6,11,火,22.4,26.5,14:47,19.8,06:02,0.0,10.0,2.2,65
2019,6,12,水,22.8,27.6,15:41,19.3,03:59,0,3.3,2.5,58
2019,6,13,木,23.0,28.1,14:16,18.3,05:40,0,1.3,2.2,64
2019,6,14,金,23.2,28.2,10:37,20.0,0:00,3.5,10.0,4.2,69
2019,6,15,土,19.2,20.6,11:02,18.2,15:00,59.5,10.0,4.5,89
2019,6,16,日,22.2,26.3,13:51,19.3,01:11,0.5,8.0,5.2,66
2019,6,17,月,22.0,27.4,16:57,16.9,05:13,0.0,7.0,2.0,61
2019,6,18,火,22.3,25.8,15:46,18.4,05:07,0,10.0,1.5,67
2019,6,19,水,23.8,28.9,15:33,19.0,05:03,0,10.0,1.8,67
2019,6,20,木,26.1,31.6,15:32,20.3,04:59,0,4.3,1.9,57
2019,6,21,金,24.2,29.5,12:49,21.7,23:58,8.5,9.8,1.6,75
2019,6,22,土,24.0,29.4,13:22,19.7,05:43,0,5.3,2.1,74
2019,6,23,日,22.5,24.7,15:18,20.9,03:45,0.0,10.0,1.7,74
2019,6,24,月,24.0,29.0,16:16,20.1,03:50,0,3.5,2.0,59
2019,6,25,火,24.2,29.1,15:38,19.1,05:10,0,2.5,2.3,69
2019,6,26,水,25.1,30.3,13:40,20.9,05:45,0.0,9.0,1.8,76
2019,6,27,木,25.1,29.4,14:20,23.6,03:46,19.5,9.8,1.6,90
2019,6,28,金,27.8,32.0,12:29,23.9,01:22,0,10.0,3.0,74
2019,6,29,土,27.2,32.1,13:34,24.4,0:00,2.0,10.0,2.0,77
2019,6,30,日,26.3,29.2,14:19,24.2,04:00,14.0,10.0,2.6,88
2019,7,1,月,25.6,28.8,14:23,23.2,04:22,2.5,10.0,3.0,78
2019,7,2,火,24.3,27.1,14:21,21.7,06:55,9.0,10.0,1.7,81
2019,7,3,水,23.4,25.2,11:19,22.6,05:30,2.5,10.0,1.5,91
2019,7,4,木,25.7,30.4,16:14,22.6,01:08,0.0,9.8,2.1,78
2019,7,5,金,25.4,28.5,13:14,22.8,05:25,0,8.3,2.3,73
2019,7,6,土,25.5,29.4,13:51,23.2,07:05,0,9.8,2.9,70
2019,7,7,日,26.3,31.0,13:34,23.3,03:22,0,7.5,2.0,64
2019,7,8,月,24.9,27.0,17:15,22.6,05:17,0.0,10.0,1.8,80
2019,7,9,火,24.4,28.5,12:42,21.8,02:49,10.5,10.0,3.0,82
2019,7,10,水,24.8,27.8,13:57,22.6,06:03,3.0,10.0,4.0,79
2019,7,11,木,26.0,32.0,13:37,23.5,03:46,6.5,9.5,3.0,82
2019,7,12,金,26.6,30.8,15:51,23.5,05:26,0.0,6.0,3.4,70
2019,7,13,土,23.1,26.6,11:38,20.8,19:02,29.5,10.0,1.9,86
2019,7,14,日,22.5,24.8,13:43,21.5,05:23,9.0,10.0,1.0,95
2019,7,15,月,25.5,29.9,14:31,21.9,02:59,3.5,9.0,1.8,77
2019,7,16,火,26.1,30.8,13:47,22.4,04:54,0,8.3,1.9,75
2019,7,17,水,27.3,31.6,15:26,23.5,05:01,4.0,7.8,1.9,76
2019,7,18,木,25.1,28.1,11:09,22.7,23:58,28.5,10.0,1.3,92
2019,7,19,金,24.0,25.4,10:46,22.7,00:59,50.5,10.0,1.6,96
2019,7,20,土,26.8,30.8,15:38,23.9,06:42,2.0,10.0,1.8,86
2019,7,21,日,26.9,29.0,15:07,24.4,04:07,3.5,10.0,1.2,89
2019,7,22,月,26.2,28.2,11:25,24.8,06:03,3.0,10.0,1.3,90
2019,7,23,火,27.8,30.8,10:38,24.9,02:42,0.0,9.3,3.4,79
2019,7,24,水,29.0,32.9,12:32,25.8,05:32,0,8.0,2.8,72
2019,7,25,木,29.2,33.6,15:04,25.6,05:19,0,4.5,1.7,73
2019,7,26,金,28.9,33.7,16:43,25.0,06:19,0.0,4.0,1.9,72
2019,7,27,土,30.4,35.5,14:27,26.8,05:39,0.0,7.3,3.3,66
2019,7,28,日,29.6,33.6,15:39,26.5,04:47,0.0,6.5,1.8,76
2019,7,29,月,29.7,34.6,16:05,25.9,05:46,0,6.5,1.7,72
2019,7,30,火,30.2,33.8,14:52,26.5,05:30,0,3.0,1.8,72
2019,7,31,水,30.6,34.9,16:11,26.1,05:14,0,0.8,1.7,70
2019,8,1,木,31.3,36.3,15:44,26.9,05:05,0,2.8,2.0,65
2019,8,2,金,31.1,36.3,14:59,27.5,04:38,0,0.3,2.1,68
2019,8,3,土,30.6,35.0,14:15,27.6,05:32,0,1.3,2.1,74
2019,8,4,日,30.4,34.1,14:07,27.5,05:58,0,4.0,2.3,68
2019,8,5,月,30.2,35.7,15:04,25.9,05:25,0.0,4.3,3.0,67
2019,8,6,火,28.0,31.3,09:42,26.3,0:00,41.5,10.0,3.3,84
2019,8,7,水,28.9,33.3,13:58,25.8,05:29,0.0,7.3,2.0,81
2019,8,8,木,29.3,33.6,13:56,25.4,05:46,0,5.5,1.9,76
2019,8,9,金,29.2,33.8,14:35,25.5,05:29,0,7.0,1.7,76
2019,8,10,土,29.3,33.6,13:50,26.1,05:34,0,9.5,1.8,75
2019,8,11,日,30.4,35.5,16:33,25.7,04:30,0,8.3,3.0,66
2019,8,12,月,30.9,35.0,15:11,27.2,05:31,0,9.5,3.6,67
2019,8,13,火,31.1,35.0,12:20,27.5,05:01,0.0,6.5,3.9,69
2019,8,14,水,28.8,32.6,11:07,26.6,16:57,14.5,8.8,5.4,81
2019,8,15,木,28.1,29.7,13:50,25.7,03:06,25.5,10.0,6.8,85
2019,8,16,金,30.4,34.3,13:18,26.6,04:02,6.5,6.8,3.5,68
2019,8,17,土,29.5,34.1,15:50,25.8,05:21,0,2.5,2.1,67
2019,8,18,日,29.1,32.7,15:02,25.0,05:01,0,4.3,1.6,70
2019,8,19,月,26.7,28.1,11:35,25.0,23:55,3.0,9.8,1.3,87
2019,8,20,火,27.6,31.3,14:34,24.2,06:55,10.5,9.5,1.5,85
2019,8,21,水,29.2,33.4,13:16,26.1,05:55,0.0,10.0,1.9,77
2019,8,22,木,29.1,32.9,12:20,25.6,05:48,0.5,8.5,1.8,76
2019,8,23,金,27.5,32.5,14:26,25.0,22:25,6.5,10.0,3.0,81
2019,8,24,土,25.7,29.7,10:55,23.3,21:53,3.0,10.0,2.5,76
2019,8,25,日,25.8,30.1,14:13,21.9,05:31,0.0,8.8,3.7,71
2019,8,26,月,26.4,30.4,15:25,22.6,05:57,0,8.5,1.8,72
2019,8,27,火,24.9,27.4,16:00,23.0,08:32,7.5,10.0,1.4,87
2019,8,28,水,25.2,26.5,17:23,23.7,05:11,10.0,10.0,1.2,93
2019,8,29,木,26.3,30.6,13:23,24.0,23:59,7.0,10.0,1.5,86
2019,8,30,金,25.5,29.0,17:03,23.3,03:16,3.5,9.0,1.8,86
2019,8,31,土,24.8,29.1,12:54,22.5,23:52,0.0,10.0,1.9,76
2019,9,1,日,24.2,27.3,12:14,21.9,01:18,5.0,9.0,1.3,84
2019,9,2,月,26.4,31.3,15:03,22.4,04:40,0,9.3,1.5,82
2019,9,3,火,27.8,33.0,14:36,23.8,05:10,0.0,6.3,1.8,77
2019,9,4,水,27.5,31.8,11:18,24.0,04:32,0.0,8.0,1.6,81
2019,9,5,木,28.1,32.9,15:56,23.8,05:56,1.0,8.5,2.0,75
2019,9,6,金,29.5,34.0,14:51,26.1,04:28,0.0,5.5,3.8,68
2019,9,7,土,30.2,34.9,14:02,27.3,06:07,0,7.5,4.4,66
2019,9,8,日,30.0,33.8,13:47,27.0,05:31,0.0,5.3,2.4,71
2019,9,9,月,30.2,34.2,15:43,26.2,05:58,0,4.8,1.9,69
2019,9,10,火,30.5,35.5,14:41,27.3,06:03,0,5.8,1.9,69
2019,9,11,水,29.7,35.8,13:29,26.5,23:57,3.5,9.8,2.4,73
2019,9,12,木,26.8,29.9,15:21,24.4,0:00,0.0,8.8,2.9,68
2019,9,13,金,25.6,29.3,14:13,23.5,07:27,0.0,8.0,3.0,71
2019,9,14,土,27.1,30.2,14:43,24.2,06:03,0,2.3,2.8,70
2019,9,15,日,27.8,32.8,15:53,22.9,05:57,0.0,3.3,2.0,66
2019,9,16,月,27.1,31.7,13:03,24.1,06:32,0,6.5,2.8,64
2019,9,17,火,26.2,31.7,15:25,21.2,06:14,0,3.8,2.3,64
2019,9,18,水,26.0,30.3,14:50,23.1,0:00,0,7.0,2.6,60
2019,9,19,木,23.0,27.6,13:52,19.5,03:53,0,5.5,2.5,60
2019,9,20,金,19.5,24.6,11:07,16.8,18:23,16.0,7.3,1.8,77
2019,9,21,土,21.9,25.0,15:32,17.6,00:12,1.0,10.0,3.3,83
2019,9,22,日,24.4,27.2,22:26,22.1,11:25,38.0,10.0,4.7,89
2019,9,23,月,26.5,30.3,04:13,23.1,0:00,0.0,7.8,4.3,65
2019,9,24,火,23.0,25.3,13:15,21.3,0:00,0.0,9.8,2.2,69
2019,9,25,水,23.2,27.6,15:54,19.2,06:03,0,5.3,2.1,65
2019,9,26,木,23.7,28.5,14:39,18.3,05:10,0,4.8,1.7,72
2019,9,27,金,26.2,30.3,15:12,22.7,04:41,0.0,8.3,2.3,72
2019,9,28,土,26.1,30.7,14:22,23.9,04:59,0.0,9.5,1.9,67
2019,9,29,日,26.1,29.4,14:13,22.7,06:20,0,9.5,1.3,77
2019,9,30,月,26.7,30.9,13:27,23.5,06:06,0.0,10.0,1.4,78
2019,10,1,火,25.8,29.7,14:35,23.0,05:00,0.5,8.0,1.6,81
2019,10,2,水,25.4,28.8,14:09,23.1,06:25,0.5,10.0,2.0,75
2019,10,3,木,25.9,28.4,16:32,23.8,02:03,9.5,8.3,2.9,75
2019,10,4,金,25.2,28.8,15:21,20.3,0:00,0.0,4.0,3.9,65
2019,10,5,土,22.9,28.0,14:22,17.7,06:14,0,4.3,2.1,66
2019,10,6,日,22.9,25.3,11:58,19.9,0:00,0.0,9.5,2.4,66
2019,10,7,月,21.7,25.2,15:37,16.6,06:13,0,6.5,1.4,72
2019,10,8,火,21.5,23.3,08:48,17.7,23:55,1.0,8.0,2.7,76
2019,10,9,水,18.8,23.6,15:28,14.1,06:21,0,0.0,1.9,61
2019,10,10,木,20.4,26.0,15:10,13.6,05:57,0.0,1.3,1.6,67
2019,10,11,金,24.2,27.5,15:21,20.8,02:33,0.0,9.3,1.8,72
2019,10,12,土,24.0,26.1,12:43,20.5,0:00,0.0,10.0,5.3,65
2019,10,13,日,20.3,23.7,15:14,17.7,06:28,0,2.0,3.2,56
2019,10,14,月,20.8,25.1,15:07,17.1,04:51,0,8.3,2.2,63
2019,10,15,火,18.8,22.0,14:29,16.6,0:00,0,9.3,3.2,61
2019,10,16,水,17.1,21.3,13:19,13.9,06:25,0,3.3,2.0,60
2019,10,17,木,18.1,22.3,13:22,12.0,05:27,0.0,7.5,1.5,73
2019,10,18,金,20.7,22.9,13:33,19.1,05:59,16.5,10.0,2.8,87
2019,10,19,土,21.5,23.7,09:52,19.4,04:22,0.5,9.8,2.1,89
2019,10,20,日,20.4,23.9,13:11,17.0,06:52,0,10.0,1.9,73
2019,10,21,月,19.0,20.6,23:13,16.8,06:20,1.0,10.0,1.8,81
2019,10,22,火,20.6,25.7,13:29,16.3,23:52,0,5.5,2.3,70
2019,10,23,水,19.3,23.6,11:23,14.1,05:47,0,7.5,1.9,73
2019,10,24,木,19.7,20.8,07:29,18.3,0:00,57.0,10.0,3.5,88
2019,10,25,金,19.4,22.6,15:06,16.6,07:32,24.5,10.0,3.2,84
2019,10,26,土,20.6,24.1,14:49,18.5,0:00,0.0,8.0,2.3,76
2019,10,27,日,19.3,23.5,13:04,15.9,0:00,0.5,8.0,2.5,70
2019,10,28,月,17.2,21.8,14:39,12.6,06:39,0,7.5,2.0,71
2019,10,29,火,16.0,19.9,15:14,13.6,23:58,6.5,7.0,1.4,85
2019,10,30,水,16.9,22.7,13:09,12.1,06:40,0,2.8,2.0,75
2019,10,31,木,17.1,22.6,14:18,13.2,06:44,0,5.5,1.9,73
2019,11,1,金,17.8,23.0,14:26,11.7,06:24,0,1.8,2.1,68
2019,11,2,土,16.0,20.6,14:31,12.8,06:22,0,3.8,1.7,67
2019,11,3,日,16.2,19.7,13:00,11.6,05:59,0,9.3,1.4,78
2019,11,4,月,15.8,19.5,13:30,10.5,0:00,0,3.5,2.4,64
2019,11,5,火,12.7,18.1,13:53,8.1,05:39,0,0.0,1.8,69
2019,11,6,水,13.1,19.3,14:25,8.0,06:21,0,0.8,1.4,72
2019,11,7,木,14.4,19.5,15:07,7.9,05:53,0.0,8.5,1.8,71
2019,11,8,金,14.3,18.1,14:25,10.1,23:30,0.0,5.0,1.8,70
2019,11,9,土,14.4,20.6,14:11,8.1,05:31,0,2.0,1.8,67
2019,11,10,日,13.6,18.4,11:33,9.1,06:23,0,5.8,1.6,69
2019,11,11,月,15.6,20.6,14:30,10.1,03:54,3.0,5.3,3.4,69
2019,11,12,火,16.8,21.2,15:13,12.6,06:54,0,5.8,1.8,63
2019,11,13,水,16.1,21.2,14:19,9.8,06:40,0.0,4.8,1.4,71
2019,11,14,木,14.5,19.2,02:42,8.2,0:00,0.0,7.0,3.8,57
2019,11,15,金,9.8,15.2,14:47,4.9,06:49,0,0.3,2.1,64
2019,11,16,土,13.0,19.9,14:43,5.9,06:22,0,0.0,2.8,60
2019,11,17,日,13.9,19.4,12:37,8.5,06:30,0,6.3,1.7,74
2019,11,18,月,17.2,26.0,12:40,10.0,06:54,2.5,8.8,2.6,75
2019,11,19,火,12.6,16.9,00:06,9.5,23:22,0.0,7.5,4.2,54
2019,11,20,水,11.1,14.5,14:05,7.0,0:00,0,5.3,2.8,52
2019,11,21,木,9.7,15.3,14:16,5.0,06:41,0,1.5,1.8,72
2019,11,22,金,10.1,13.3,14:08,5.8,05:06,0.5,7.5,1.0,87
2019,11,23,土,13.9,20.7,14:08,9.0,06:57,0,5.0,1.2,85
2019,11,24,日,13.8,17.3,11:35,9.4,04:49,0.0,7.8,1.4,89
2019,11,25,月,15.6,20.6,13:32,12.8,0:00,2.0,10.0,2.2,79
2019,11,26,火,13.0,15.4,14:28,11.6,06:43,0.0,9.5,2.3,64
2019,11,27,水,13.6,16.4,14:27,11.4,02:02,0.0,10.0,1.7,77
2019,11,28,木,10.0,13.3,00:01,5.4,0:00,16.5,7.0,2.7,71
2019,11,29,金,7.7,12.8,14:56,2.2,06:58,0,2.5,2.1,65
2019,11,30,土,7.6,12.2,14:58,3.5,06:56,0,1.0,1.6,70
2019,12,1,日,10.6,17.6,14:06,2.8,06:10,0,3.0,1.4,78
2019,12,2,月,13.0,15.5,13:03,10.1,0:00,8.0,8.3,3.2,77
2019,12,3,火,9.3,11.3,13:25,7.7,22:39,0.0,7.8,4.0,55
2019,12,4,水,8.5,13.7,13:47,4.7,03:58,0.0,6.5,3.3,66
2019,12,5,木,8.4,12.3,12:47,3.8,03:25,0,6.8,3.6,62
2019,12,6,金,7.8,9.4,15:01,6.4,0:00,0.0,10.0,2.3,61
2019,12,7,土,8.0,10.6,13:41,5.7,0:00,0.0,9.5,1.8,72
2019,12,8,日,8.0,13.8,14:48,3.5,05:46,0,4.3,2.0,66
2019,12,9,月,8.4,14.1,14:13,3.7,06:10,0,2.5,1.6,77
2019,12,10,火,9.3,14.8,14:52,3.7,06:45,0,3.8,1.3,76
2019,12,11,水,8.7,13.0,14:41,4.5,06:47,0,5.0,1.2,82
2019,12,12,木,9.8,14.7,04:59,4.8,0:00,0,3.8,3.0,57
2019,12,13,金,6.9,12.4,13:57,2.2,07:05,0,4.5,1.6,67
2019,12,14,土,9.0,16.7,13:51,2.5,04:24,0.0,6.3,2.6,69
2019,12,15,日,7.8,12.3,11:00,4.1,23:25,0.0,5.3,1.4,70
2019,12,16,月,7.7,13.3,14:41,2.1,07:16,0,3.0,1.4,81
2019,12,17,火,10.6,12.2,15:06,8.3,06:17,3.0,10.0,1.2,92
2019,12,18,水,12.6,16.0,11:29,10.0,0:00,0.5,9.8,1.9,83
2019,12,19,木,10.1,13.0,13:27,6.4,04:24,0,9.0,1.6,76
2019,12,20,金,10.2,12.9,13:50,6.7,0:00,0,6.0,3.5,55
2019,12,21,土,8.4,12.3,13:33,4.3,06:43,0,8.5,1.4,68
2019,12,22,日,7.2,10.1,12:27,5.6,19:49,9.0,9.8,1.3,83
2019,12,23,月,9.3,14.5,14:26,3.8,06:54,0.0,3.0,3.1,76
2019,12,24,火,8.7,13.2,12:43,4.9,23:51,0,6.8,1.6,75
2019,12,25,水,8.4,13.7,13:47,2.5,07:01,3.0,5.0,1.3,81
2019,12,26,木,10.9,12.6,12:50,8.9,03:23,15.5,10.0,1.4,96
2019,12,27,金,8.8,12.2,02:38,3.3,0:00,0.0,8.0,4.2,65
2019,12,28,土,6.3,11.6,14:51,2.1,04:35,0,1.3,1.9,71
2019,12,29,日,7.3,12.1,11:58,1.3,07:04,1.0,6.0,1.4,78
2019,12,30,月,11.3,12.6,13:47,9.1,04:54,6.5,10.0,1.1,97
2019,12,31,火,9.5,13.5,08:11,5.3,0:00,0.0,8.0,3.9,65
