,PassengerId,Survived,Pclass,Sex,Age,SibSp,Parch,Fare,Cabin,Embarked,data,Family
0,1,0.0,3,1,22.0,1,0,7.25,8,2,train,1
1,2,1.0,1,0,38.0,1,0,71.2833,2,0,train,1
2,3,1.0,3,0,26.0,0,0,7.925,8,2,train,0
3,4,1.0,1,0,35.0,1,0,53.1,2,2,train,1
4,5,0.0,3,1,35.0,0,0,8.05,8,2,train,0
5,6,0.0,3,1,29.881137667304014,0,0,8.4583,8,1,train,0
6,7,0.0,1,1,54.0,0,0,51.8625,4,2,train,0
7,8,0.0,3,1,2.0,3,1,21.075,8,2,train,4
8,9,1.0,3,0,27.0,0,2,11.1333,8,2,train,2
9,10,1.0,2,0,14.0,1,0,30.0708,8,0,train,1
10,11,1.0,3,0,4.0,1,1,16.7,6,2,train,2
11,12,1.0,1,0,58.0,0,0,26.55,2,2,train,0
12,13,0.0,3,1,20.0,0,0,8.05,8,2,train,0
13,14,0.0,3,1,39.0,1,5,31.275,8,2,train,6
14,15,0.0,3,0,14.0,0,0,7.8542,8,2,train,0
15,16,1.0,2,0,55.0,0,0,16.0,8,2,train,0
16,17,0.0,3,1,2.0,4,1,29.125,8,1,train,5
17,18,1.0,2,1,29.881137667304014,0,0,13.0,8,2,train,0
18,19,0.0,3,0,31.0,1,0,18.0,8,2,train,1
19,20,1.0,3,0,29.881137667304014,0,0,7.225,8,0,train,0
20,21,0.0,2,1,35.0,0,0,26.0,8,2,train,0
21,22,1.0,2,1,34.0,0,0,13.0,3,2,train,0
22,23,1.0,3,0,15.0,0,0,8.0292,8,1,train,0
23,24,1.0,1,1,28.0,0,0,35.5,0,2,train,0
24,25,0.0,3,0,8.0,3,1,21.075,8,2,train,4
25,26,1.0,3,0,38.0,1,5,31.3875,8,2,train,6
26,27,0.0,3,1,29.881137667304014,0,0,7.225,8,0,train,0
27,28,0.0,1,1,19.0,3,2,263.0,2,2,train,5
28,29,1.0,3,0,29.881137667304014,0,0,7.8792,8,1,train,0
29,30,0.0,3,1,29.881137667304014,0,0,7.8958,8,2,train,0
30,31,0.0,1,1,40.0,0,0,27.7208,8,0,train,0
31,32,1.0,1,0,29.881137667304014,1,0,146.5208,1,0,train,1
32,33,1.0,3,0,29.881137667304014,0,0,7.75,8,1,train,0
33,34,0.0,2,1,66.0,0,0,10.5,8,2,train,0
34,35,0.0,1,1,28.0,1,0,82.1708,8,0,train,1
35,36,0.0,1,1,42.0,1,0,52.0,8,2,train,1
36,37,1.0,3,1,29.881137667304014,0,0,7.2292,8,0,train,0
37,38,0.0,3,1,21.0,0,0,8.05,8,2,train,0
38,39,0.0,3,0,18.0,2,0,18.0,8,2,train,2
39,40,1.0,3,0,14.0,1,0,11.2417,8,0,train,1
40,41,0.0,3,0,40.0,1,0,9.475,8,2,train,1
41,42,0.0,2,0,27.0,1,0,21.0,8,2,train,1
42,43,0.0,3,1,29.881137667304014,0,0,7.8958,8,0,train,0
43,44,1.0,2,0,3.0,1,2,41.5792,8,0,train,3
44,45,1.0,3,0,19.0,0,0,7.8792,8,1,train,0
45,46,0.0,3,1,29.881137667304014,0,0,8.05,8,2,train,0
46,47,0.0,3,1,29.881137667304014,1,0,15.5,8,1,train,1
47,48,1.0,3,0,29.881137667304014,0,0,7.75,8,1,train,0
48,49,0.0,3,1,29.881137667304014,2,0,21.6792,8,0,train,2
49,50,0.0,3,0,18.0,1,0,17.8,8,2,train,1
50,51,0.0,3,1,7.0,4,1,39.6875,8,2,train,5
51,52,0.0,3,1,21.0,0,0,7.8,8,2,train,0
52,53,1.0,1,0,49.0,1,0,76.7292,3,0,train,1
53,54,1.0,2,0,29.0,1,0,26.0,8,2,train,1
54,55,0.0,1,1,65.0,0,1,61.9792,1,0,train,1
55,56,1.0,1,1,29.881137667304014,0,0,35.5,2,2,train,0
56,57,1.0,2,0,21.0,0,0,10.5,8,2,train,0
57,58,0.0,3,1,28.5,0,0,7.2292,8,0,train,0
58,59,1.0,2,0,5.0,1,2,27.75,8,2,train,3
59,60,0.0,3,1,11.0,5,2,46.9,8,2,train,7
60,61,0.0,3,1,22.0,0,0,7.2292,8,0,train,0
61,62,1.0,1,0,38.0,0,0,80.0,1,2,train,0
62,63,0.0,1,1,45.0,1,0,83.475,2,2,train,1
63,64,0.0,3,1,4.0,3,2,27.9,8,2,train,5
64,65,0.0,1,1,29.881137667304014,0,0,27.7208,8,0,train,0
65,66,1.0,3,1,29.881137667304014,1,1,15.2458,8,0,train,2
66,67,1.0,2,0,29.0,0,0,10.5,5,2,train,0
67,68,0.0,3,1,19.0,0,0,8.1583,8,2,train,0
68,69,1.0,3,0,17.0,4,2,7.925,8,2,train,6
69,70,0.0,3,1,26.0,2,0,8.6625,8,2,train,2
70,71,0.0,2,1,32.0,0,0,10.5,8,2,train,0
71,72,0.0,3,0,16.0,5,2,46.9,8,2,train,7
72,73,0.0,2,1,21.0,0,0,73.5,8,2,train,0
73,74,0.0,3,1,26.0,1,0,14.4542,8,0,train,1
74,75,1.0,3,1,32.0,0,0,56.4958,8,2,train,0
75,76,0.0,3,1,25.0,0,0,7.65,5,2,train,0
76,77,0.0,3,1,29.881137667304014,0,0,7.8958,8,2,train,0
77,78,0.0,3,1,29.881137667304014,0,0,8.05,8,2,train,0
78,79,1.0,2,1,0.83,0,2,29.0,8,2,train,2
79,80,1.0,3,0,30.0,0,0,12.475,8,2,train,0
80,81,0.0,3,1,22.0,0,0,9.0,8,2,train,0
81,82,1.0,3,1,29.0,0,0,9.5,8,2,train,0
82,83,1.0,3,0,29.881137667304014,0,0,7.7875,8,1,train,0
83,84,0.0,1,1,28.0,0,0,47.1,8,2,train,0
84,85,1.0,2,0,17.0,0,0,10.5,8,2,train,0
85,86,1.0,3,0,33.0,3,0,15.85,8,2,train,3
86,87,0.0,3,1,16.0,1,3,34.375,8,2,train,4
87,88,0.0,3,1,29.881137667304014,0,0,8.05,8,2,train,0
88,89,1.0,1,0,23.0,3,2,263.0,2,2,train,5
89,90,0.0,3,1,24.0,0,0,8.05,8,2,train,0
90,91,0.0,3,1,29.0,0,0,8.05,8,2,train,0
91,92,0.0,3,1,20.0,0,0,7.8542,8,2,train,0
92,93,0.0,1,1,46.0,1,0,61.175,4,2,train,1
93,94,0.0,3,1,26.0,1,2,20.575,8,2,train,3
94,95,0.0,3,1,59.0,0,0,7.25,8,2,train,0
95,96,0.0,3,1,29.881137667304014,0,0,8.05,8,2,train,0
96,97,0.0,1,1,71.0,0,0,34.6542,0,0,train,0
97,98,1.0,1,1,23.0,0,1,63.3583,3,0,train,1
98,99,1.0,2,0,34.0,0,1,23.0,8,2,train,1
99,100,0.0,2,1,34.0,1,0,26.0,8,2,train,1
100,101,0.0,3,0,28.0,0,0,7.8958,8,2,train,0
101,102,0.0,3,1,29.881137667304014,0,0,7.8958,8,2,train,0
102,103,0.0,1,1,21.0,0,1,77.2875,3,2,train,1
103,104,0.0,3,1,33.0,0,0,8.6542,8,2,train,0
104,105,0.0,3,1,37.0,2,0,7.925,8,2,train,2
105,106,0.0,3,1,28.0,0,0,7.8958,8,2,train,0
106,107,1.0,3,0,21.0,0,0,7.65,8,2,train,0
107,108,1.0,3,1,29.881137667304014,0,0,7.775,8,2,train,0
108,109,0.0,3,1,38.0,0,0,7.8958,8,2,train,0
109,110,1.0,3,0,29.881137667304014,1,0,24.15,8,1,train,1
110,111,0.0,1,1,47.0,0,0,52.0,2,2,train,0
111,112,0.0,3,0,14.5,1,0,14.4542,8,0,train,1
112,113,0.0,3,1,22.0,0,0,8.05,8,2,train,0
113,114,0.0,3,0,20.0,1,0,9.825,8,2,train,1
114,115,0.0,3,0,17.0,0,0,14.4583,8,0,train,0
115,116,0.0,3,1,21.0,0,0,7.925,8,2,train,0
116,117,0.0,3,1,70.5,0,0,7.75,8,1,train,0
117,118,0.0,2,1,29.0,1,0,21.0,8,2,train,1
118,119,0.0,1,1,24.0,0,1,247.5208,1,0,train,1
119,120,0.0,3,0,2.0,4,2,31.275,8,2,train,6
120,121,0.0,2,1,21.0,2,0,73.5,8,2,train,2
121,122,0.0,3,1,29.881137667304014,0,0,8.05,8,2,train,0
122,123,0.0,2,1,32.5,1,0,30.0708,8,0,train,1
123,124,1.0,2,0,32.5,0,0,13.0,4,2,train,0
124,125,0.0,1,1,54.0,0,1,77.2875,3,2,train,1
125,126,1.0,3,1,12.0,1,0,11.2417,8,0,train,1
126,127,0.0,3,1,29.881137667304014,0,0,7.75,8,1,train,0
127,128,1.0,3,1,24.0,0,0,7.1417,8,2,train,0
128,129,1.0,3,0,29.881137667304014,1,1,22.3583,5,0,train,2
129,130,0.0,3,1,45.0,0,0,6.975,8,2,train,0
130,131,0.0,3,1,33.0,0,0,7.8958,8,0,train,0
131,132,0.0,3,1,20.0,0,0,7.05,8,2,train,0
132,133,0.0,3,0,47.0,1,0,14.5,8,2,train,1
133,134,1.0,2,0,29.0,1,0,26.0,8,2,train,1
134,135,0.0,2,1,25.0,0,0,13.0,8,2,train,0
135,136,0.0,2,1,23.0,0,0,15.0458,8,0,train,0
136,137,1.0,1,0,19.0,0,2,26.2833,3,2,train,2
137,138,0.0,1,1,37.0,1,0,53.1,2,2,train,1
138,139,0.0,3,1,16.0,0,0,9.2167,8,2,train,0
139,140,0.0,1,1,24.0,0,0,79.2,1,0,train,0
140,141,0.0,3,0,29.881137667304014,0,2,15.2458,8,0,train,2
141,142,1.0,3,0,22.0,0,0,7.75,8,2,train,0
142,143,1.0,3,0,24.0,1,0,15.85,8,2,train,1
143,144,0.0,3,1,19.0,0,0,6.75,8,1,train,0
144,145,0.0,2,1,18.0,0,0,11.5,8,2,train,0
145,146,0.0,2,1,19.0,1,1,36.75,8,2,train,2
146,147,1.0,3,1,27.0,0,0,7.7958,8,2,train,0
147,148,0.0,3,0,9.0,2,2,34.375,8,2,train,4
148,149,0.0,2,1,36.5,0,2,26.0,5,2,train,2
149,150,0.0,2,1,42.0,0,0,13.0,8,2,train,0
150,151,0.0,2,1,51.0,0,0,12.525,8,2,train,0
151,152,1.0,1,0,22.0,1,0,66.6,2,2,train,1
152,153,0.0,3,1,55.5,0,0,8.05,8,2,train,0
153,154,0.0,3,1,40.5,0,2,14.5,8,2,train,2
154,155,0.0,3,1,29.881137667304014,0,0,7.3125,8,2,train,0
155,156,0.0,1,1,51.0,0,1,61.3792,8,0,train,1
156,157,1.0,3,0,16.0,0,0,7.7333,8,1,train,0
157,158,0.0,3,1,30.0,0,0,8.05,8,2,train,0
158,159,0.0,3,1,29.881137667304014,0,0,8.6625,8,2,train,0
159,160,0.0,3,1,29.881137667304014,8,2,69.55,8,2,train,10
160,161,0.0,3,1,44.0,0,1,16.1,8,2,train,1
161,162,1.0,2,0,40.0,0,0,15.75,8,2,train,0
162,163,0.0,3,1,26.0,0,0,7.775,8,2,train,0
163,164,0.0,3,1,17.0,0,0,8.6625,8,2,train,0
164,165,0.0,3,1,1.0,4,1,39.6875,8,2,train,5
165,166,1.0,3,1,9.0,0,2,20.525,8,2,train,2
166,167,1.0,1,0,29.881137667304014,0,1,55.0,4,2,train,1
167,168,0.0,3,0,45.0,1,4,27.9,8,2,train,5
168,169,0.0,1,1,29.881137667304014,0,0,25.925,8,2,train,0
169,170,0.0,3,1,28.0,0,0,56.4958,8,2,train,0
170,171,0.0,1,1,61.0,0,0,33.5,1,2,train,0
171,172,0.0,3,1,4.0,4,1,29.125,8,1,train,5
172,173,1.0,3,0,1.0,1,1,11.1333,8,2,train,2
173,174,0.0,3,1,21.0,0,0,7.925,8,2,train,0
174,175,0.0,1,1,56.0,0,0,30.6958,0,0,train,0
175,176,0.0,3,1,18.0,1,1,7.8542,8,2,train,2
176,177,0.0,3,1,29.881137667304014,3,1,25.4667,8,2,train,4
177,178,0.0,1,0,50.0,0,0,28.7125,2,0,train,0
178,179,0.0,2,1,30.0,0,0,13.0,8,2,train,0
179,180,0.0,3,1,36.0,0,0,0.0,8,2,train,0
180,181,0.0,3,0,29.881137667304014,8,2,69.55,8,2,train,10
181,182,0.0,2,1,29.881137667304014,0,0,15.05,8,0,train,0
182,183,0.0,3,1,9.0,4,2,31.3875,8,2,train,6
183,184,1.0,2,1,1.0,2,1,39.0,5,2,train,3
184,185,1.0,3,0,4.0,0,2,22.025,8,2,train,2
185,186,0.0,1,1,29.881137667304014,0,0,50.0,0,2,train,0
186,187,1.0,3,0,29.881137667304014,1,0,15.5,8,1,train,1
187,188,1.0,1,1,45.0,0,0,26.55,8,2,train,0
188,189,0.0,3,1,40.0,1,1,15.5,8,1,train,2
189,190,0.0,3,1,36.0,0,0,7.8958,8,2,train,0
190,191,1.0,2,0,32.0,0,0,13.0,8,2,train,0
191,192,0.0,2,1,19.0,0,0,13.0,8,2,train,0
192,193,1.0,3,0,19.0,1,0,7.8542,8,2,train,1
193,194,1.0,2,1,3.0,1,1,26.0,5,2,train,2
194,195,1.0,1,0,44.0,0,0,27.7208,1,0,train,0
195,196,1.0,1,0,58.0,0,0,146.5208,1,0,train,0
196,197,0.0,3,1,29.881137667304014,0,0,7.75,8,1,train,0
197,198,0.0,3,1,42.0,0,1,8.4042,8,2,train,1
198,199,1.0,3,0,29.881137667304014,0,0,7.75,8,1,train,0
199,200,0.0,2,0,24.0,0,0,13.0,8,2,train,0
200,201,0.0,3,1,28.0,0,0,9.5,8,2,train,0
201,202,0.0,3,1,29.881137667304014,8,2,69.55,8,2,train,10
202,203,0.0,3,1,34.0,0,0,6.4958,8,2,train,0
203,204,0.0,3,1,45.5,0,0,7.225,8,0,train,0
204,205,1.0,3,1,18.0,0,0,8.05,8,2,train,0
205,206,0.0,3,0,2.0,0,1,10.4625,6,2,train,1
206,207,0.0,3,1,32.0,1,0,15.85,8,2,train,1
207,208,1.0,3,1,26.0,0,0,18.7875,8,0,train,0
208,209,1.0,3,0,16.0,0,0,7.75,8,1,train,0
209,210,1.0,1,1,40.0,0,0,31.0,0,0,train,0
210,211,0.0,3,1,24.0,0,0,7.05,8,2,train,0
211,212,1.0,2,0,35.0,0,0,21.0,8,2,train,0
212,213,0.0,3,1,22.0,0,0,7.25,8,2,train,0
213,214,0.0,2,1,30.0,0,0,13.0,8,2,train,0
214,215,0.0,3,1,29.881137667304014,1,0,7.75,8,1,train,1
215,216,1.0,1,0,31.0,1,0,113.275,3,0,train,1
216,217,1.0,3,0,27.0,0,0,7.925,8,2,train,0
217,218,0.0,2,1,42.0,1,0,27.0,8,2,train,1
218,219,1.0,1,0,32.0,0,0,76.2917,3,0,train,0
219,220,0.0,2,1,30.0,0,0,10.5,8,2,train,0
220,221,1.0,3,1,16.0,0,0,8.05,8,2,train,0
221,222,0.0,2,1,27.0,0,0,13.0,8,2,train,0
222,223,0.0,3,1,51.0,0,0,8.05,8,2,train,0
223,224,0.0,3,1,29.881137667304014,0,0,7.8958,8,2,train,0
224,225,1.0,1,1,38.0,1,0,90.0,2,2,train,1
225,226,0.0,3,1,22.0,0,0,9.35,8,2,train,0
226,227,1.0,2,1,19.0,0,0,10.5,8,2,train,0
227,228,0.0,3,1,20.5,0,0,7.25,8,2,train,0
228,229,0.0,2,1,18.0,0,0,13.0,8,2,train,0
229,230,0.0,3,0,29.881137667304014,3,1,25.4667,8,2,train,4
230,231,1.0,1,0,35.0,1,0,83.475,2,2,train,1
231,232,0.0,3,1,29.0,0,0,7.775,8,2,train,0
232,233,0.0,2,1,59.0,0,0,13.5,8,2,train,0
233,234,1.0,3,0,5.0,4,2,31.3875,8,2,train,6
234,235,0.0,2,1,24.0,0,0,10.5,8,2,train,0
235,236,0.0,3,0,29.881137667304014,0,0,7.55,8,2,train,0
236,237,0.0,2,1,44.0,1,0,26.0,8,2,train,1
237,238,1.0,2,0,8.0,0,2,26.25,8,2,train,2
238,239,0.0,2,1,19.0,0,0,10.5,8,2,train,0
239,240,0.0,2,1,33.0,0,0,12.275,8,2,train,0
240,241,0.0,3,0,29.881137667304014,1,0,14.4542,8,0,train,1
241,242,1.0,3,0,29.881137667304014,1,0,15.5,8,1,train,1
242,243,0.0,2,1,29.0,0,0,10.5,8,2,train,0
243,244,0.0,3,1,22.0,0,0,7.125,8,2,train,0
244,245,0.0,3,1,30.0,0,0,7.225,8,0,train,0
245,246,0.0,1,1,44.0,2,0,90.0,2,1,train,2
246,247,0.0,3,0,25.0,0,0,7.775,8,2,train,0
247,248,1.0,2,0,24.0,0,2,14.5,8,2,train,2
248,249,1.0,1,1,37.0,1,1,52.5542,3,2,train,2
249,250,0.0,2,1,54.0,1,0,26.0,8,2,train,1
250,251,0.0,3,1,29.881137667304014,0,0,7.25,8,2,train,0
251,252,0.0,3,0,29.0,1,1,10.4625,6,2,train,2
252,253,0.0,1,1,62.0,0,0,26.55,2,2,train,0
253,254,0.0,3,1,30.0,1,0,16.1,8,2,train,1
254,255,0.0,3,0,41.0,0,2,20.2125,8,2,train,2
255,256,1.0,3,0,29.0,0,2,15.2458,8,0,train,2
256,257,1.0,1,0,29.881137667304014,0,0,79.2,8,0,train,0
257,258,1.0,1,0,30.0,0,0,86.5,1,2,train,0
258,259,1.0,1,0,35.0,0,0,512.3292,8,0,train,0
259,260,1.0,2,0,50.0,0,1,26.0,8,2,train,1
260,261,0.0,3,1,29.881137667304014,0,0,7.75,8,1,train,0
261,262,1.0,3,1,3.0,4,2,31.3875,8,2,train,6
262,263,0.0,1,1,52.0,1,1,79.65,4,2,train,2
263,264,0.0,1,1,40.0,0,0,0.0,1,2,train,0
264,265,0.0,3,0,29.881137667304014,0,0,7.75,8,1,train,0
265,266,0.0,2,1,36.0,0,0,10.5,8,2,train,0
266,267,0.0,3,1,16.0,4,1,39.6875,8,2,train,5
267,268,1.0,3,1,25.0,1,0,7.775,8,2,train,1
268,269,1.0,1,0,58.0,0,1,153.4625,2,2,train,1
269,270,1.0,1,0,35.0,0,0,135.6333,2,2,train,0
270,271,0.0,1,1,29.881137667304014,0,0,31.0,8,2,train,0
271,272,1.0,3,1,25.0,0,0,0.0,8,2,train,0
272,273,1.0,2,0,41.0,0,1,19.5,8,2,train,1
273,274,0.0,1,1,37.0,0,1,29.7,2,0,train,1
274,275,1.0,3,0,29.881137667304014,0,0,7.75,8,1,train,0
275,276,1.0,1,0,63.0,1,0,77.9583,3,2,train,1
276,277,0.0,3,0,45.0,0,0,7.75,8,2,train,0
277,278,0.0,2,1,29.881137667304014,0,0,0.0,8,2,train,0
278,279,0.0,3,1,7.0,4,1,29.125,8,1,train,5
279,280,1.0,3,0,35.0,1,1,20.25,8,2,train,2
280,281,0.0,3,1,65.0,0,0,7.75,8,1,train,0
281,282,0.0,3,1,28.0,0,0,7.8542,8,2,train,0
282,283,0.0,3,1,16.0,0,0,9.5,8,2,train,0
283,284,1.0,3,1,19.0,0,0,8.05,8,2,train,0
284,285,0.0,1,1,29.881137667304014,0,0,26.0,0,2,train,0
285,286,0.0,3,1,33.0,0,0,8.6625,8,0,train,0
286,287,1.0,3,1,30.0,0,0,9.5,8,2,train,0
287,288,0.0,3,1,22.0,0,0,7.8958,8,2,train,0
288,289,1.0,2,1,42.0,0,0,13.0,8,2,train,0
289,290,1.0,3,0,22.0,0,0,7.75,8,1,train,0
290,291,1.0,1,0,26.0,0,0,78.85,8,2,train,0
291,292,1.0,1,0,19.0,1,0,91.0792,1,0,train,1
292,293,0.0,2,1,36.0,0,0,12.875,3,0,train,0
293,294,0.0,3,0,24.0,0,0,8.85,8,2,train,0
294,295,0.0,3,1,24.0,0,0,7.8958,8,2,train,0
295,296,0.0,1,1,29.881137667304014,0,0,27.7208,8,0,train,0
296,297,0.0,3,1,23.5,0,0,7.2292,8,0,train,0
297,298,0.0,1,0,2.0,1,2,151.55,2,2,train,3
298,299,1.0,1,1,29.881137667304014,0,0,30.5,2,2,train,0
299,300,1.0,1,0,50.0,0,1,247.5208,1,0,train,1
300,301,1.0,3,0,29.881137667304014,0,0,7.75,8,1,train,0
301,302,1.0,3,1,29.881137667304014,2,0,23.25,8,1,train,2
302,303,0.0,3,1,19.0,0,0,0.0,8,2,train,0
303,304,1.0,2,0,29.881137667304014,0,0,12.35,4,1,train,0
304,305,0.0,3,1,29.881137667304014,0,0,8.05,8,2,train,0
305,306,1.0,1,1,0.92,1,2,151.55,2,2,train,3
306,307,1.0,1,0,29.881137667304014,0,0,110.8833,8,0,train,0
307,308,1.0,1,0,17.0,1,0,108.9,2,0,train,1
308,309,0.0,2,1,30.0,1,0,24.0,8,0,train,1
309,310,1.0,1,0,30.0,0,0,56.9292,4,0,train,0
310,311,1.0,1,0,24.0,0,0,83.1583,2,0,train,0
311,312,1.0,1,0,18.0,2,2,262.375,1,0,train,4
312,313,0.0,2,0,26.0,1,1,26.0,8,2,train,2
313,314,0.0,3,1,28.0,0,0,7.8958,8,2,train,0
314,315,0.0,2,1,43.0,1,1,26.25,8,2,train,2
315,316,1.0,3,0,26.0,0,0,7.8542,8,2,train,0
316,317,1.0,2,0,24.0,1,0,26.0,8,2,train,1
317,318,0.0,2,1,54.0,0,0,14.0,8,2,train,0
318,319,1.0,1,0,31.0,0,2,164.8667,2,2,train,2
319,320,1.0,1,0,40.0,1,1,134.5,4,0,train,2
320,321,0.0,3,1,22.0,0,0,7.25,8,2,train,0
321,322,0.0,3,1,27.0,0,0,7.8958,8,2,train,0
322,323,1.0,2,0,30.0,0,0,12.35,8,1,train,0
323,324,1.0,2,0,22.0,1,1,29.0,8,2,train,2
324,325,0.0,3,1,29.881137667304014,8,2,69.55,8,2,train,10
325,326,1.0,1,0,36.0,0,0,135.6333,2,0,train,0
326,327,0.0,3,1,61.0,0,0,6.2375,8,2,train,0
327,328,1.0,2,0,36.0,0,0,13.0,3,2,train,0
328,329,1.0,3,0,31.0,1,1,20.525,8,2,train,2
329,330,1.0,1,0,16.0,0,1,57.9792,1,0,train,1
330,331,1.0,3,0,29.881137667304014,2,0,23.25,8,1,train,2
331,332,0.0,1,1,45.5,0,0,28.5,2,2,train,0
332,333,0.0,1,1,38.0,0,1,153.4625,2,2,train,1
333,334,0.0,3,1,16.0,2,0,18.0,8,2,train,2
334,335,1.0,1,0,29.881137667304014,1,0,133.65,8,2,train,1
335,336,0.0,3,1,29.881137667304014,0,0,7.8958,8,2,train,0
336,337,0.0,1,1,29.0,1,0,66.6,2,2,train,1
337,338,1.0,1,0,41.0,0,0,134.5,4,0,train,0
338,339,1.0,3,1,45.0,0,0,8.05,8,2,train,0
339,340,0.0,1,1,45.0,0,0,35.5,7,2,train,0
340,341,1.0,2,1,2.0,1,1,26.0,5,2,train,2
341,342,1.0,1,0,24.0,3,2,263.0,2,2,train,5
342,343,0.0,2,1,28.0,0,0,13.0,8,2,train,0
343,344,0.0,2,1,25.0,0,0,13.0,8,2,train,0
344,345,0.0,2,1,36.0,0,0,13.0,8,2,train,0
345,346,1.0,2,0,24.0,0,0,13.0,5,2,train,0
346,347,1.0,2,0,40.0,0,0,13.0,8,2,train,0
347,348,1.0,3,0,29.881137667304014,1,0,16.1,8,2,train,1
348,349,1.0,3,1,3.0,1,1,15.9,8,2,train,2
349,350,0.0,3,1,42.0,0,0,8.6625,8,2,train,0
350,351,0.0,3,1,23.0,0,0,9.225,8,2,train,0
351,352,0.0,1,1,29.881137667304014,0,0,35.0,2,2,train,0
352,353,0.0,3,1,15.0,1,1,7.2292,8,0,train,2
353,354,0.0,3,1,25.0,1,0,17.8,8,2,train,1
354,355,0.0,3,1,29.881137667304014,0,0,7.225,8,0,train,0
355,356,0.0,3,1,28.0,0,0,9.5,8,2,train,0
356,357,1.0,1,0,22.0,0,1,55.0,4,2,train,1
357,358,0.0,2,0,38.0,0,0,13.0,8,2,train,0
358,359,1.0,3,0,29.881137667304014,0,0,7.8792,8,1,train,0
359,360,1.0,3,0,29.881137667304014,0,0,7.8792,8,1,train,0
360,361,0.0,3,1,40.0,1,4,27.9,8,2,train,5
361,362,0.0,2,1,29.0,1,0,27.7208,8,0,train,1
362,363,0.0,3,0,45.0,0,1,14.4542,8,0,train,1
363,364,0.0,3,1,35.0,0,0,7.05,8,2,train,0
364,365,0.0,3,1,29.881137667304014,1,0,15.5,8,1,train,1
365,366,0.0,3,1,30.0,0,0,7.25,8,2,train,0
366,367,1.0,1,0,60.0,1,0,75.25,3,0,train,1
367,368,1.0,3,0,29.881137667304014,0,0,7.2292,8,0,train,0
368,369,1.0,3,0,29.881137667304014,0,0,7.75,8,1,train,0
369,370,1.0,1,0,24.0,0,0,69.3,1,0,train,0
370,371,1.0,1,1,25.0,1,0,55.4417,4,0,train,1
371,372,0.0,3,1,18.0,1,0,6.4958,8,2,train,1
372,373,0.0,3,1,19.0,0,0,8.05,8,2,train,0
373,374,0.0,1,1,22.0,0,0,135.6333,8,0,train,0
374,375,0.0,3,0,3.0,3,1,21.075,8,2,train,4
375,376,1.0,1,0,29.881137667304014,1,0,82.1708,8,0,train,1
376,377,1.0,3,0,22.0,0,0,7.25,8,2,train,0
377,378,0.0,1,1,27.0,0,2,211.5,2,0,train,2
378,379,0.0,3,1,20.0,0,0,4.0125,8,0,train,0
379,380,0.0,3,1,19.0,0,0,7.775,8,2,train,0
380,381,1.0,1,0,42.0,0,0,227.525,8,0,train,0
381,382,1.0,3,0,1.0,0,2,15.7417,8,0,train,2
382,383,0.0,3,1,32.0,0,0,7.925,8,2,train,0
383,384,1.0,1,0,35.0,1,0,52.0,8,2,train,1
384,385,0.0,3,1,29.881137667304014,0,0,7.8958,8,2,train,0
385,386,0.0,2,1,18.0,0,0,73.5,8,2,train,0
386,387,0.0,3,1,1.0,5,2,46.9,8,2,train,7
387,388,1.0,2,0,36.0,0,0,13.0,8,2,train,0
388,389,0.0,3,1,29.881137667304014,0,0,7.7292,8,1,train,0
389,390,1.0,2,0,17.0,0,0,12.0,8,0,train,0
390,391,1.0,1,1,36.0,1,2,120.0,1,2,train,3
391,392,1.0,3,1,21.0,0,0,7.7958,8,2,train,0
392,393,0.0,3,1,28.0,2,0,7.925,8,2,train,2
393,394,1.0,1,0,23.0,1,0,113.275,3,0,train,1
394,395,1.0,3,0,24.0,0,2,16.7,6,2,train,2
395,396,0.0,3,1,22.0,0,0,7.7958,8,2,train,0
396,397,0.0,3,0,31.0,0,0,7.8542,8,2,train,0
397,398,0.0,2,1,46.0,0,0,26.0,8,2,train,0
398,399,0.0,2,1,23.0,0,0,10.5,8,2,train,0
399,400,1.0,2,0,28.0,0,0,12.65,8,2,train,0
400,401,1.0,3,1,39.0,0,0,7.925,8,2,train,0
401,402,0.0,3,1,26.0,0,0,8.05,8,2,train,0
402,403,0.0,3,0,21.0,1,0,9.825,8,2,train,1
403,404,0.0,3,1,28.0,1,0,15.85,8,2,train,1
404,405,0.0,3,0,20.0,0,0,8.6625,8,2,train,0
405,406,0.0,2,1,34.0,1,0,21.0,8,2,train,1
406,407,0.0,3,1,51.0,0,0,7.75,8,2,train,0
407,408,1.0,2,1,3.0,1,1,18.75,8,2,train,2
408,409,0.0,3,1,21.0,0,0,7.775,8,2,train,0
409,410,0.0,3,0,29.881137667304014,3,1,25.4667,8,2,train,4
410,411,0.0,3,1,29.881137667304014,0,0,7.8958,8,2,train,0
411,412,0.0,3,1,29.881137667304014,0,0,6.8583,8,1,train,0
412,413,1.0,1,0,33.0,1,0,90.0,2,1,train,1
413,414,0.0,2,1,29.881137667304014,0,0,0.0,8,2,train,0
414,415,1.0,3,1,44.0,0,0,7.925,8,2,train,0
415,416,0.0,3,0,29.881137667304014,0,0,8.05,8,2,train,0
416,417,1.0,2,0,34.0,1,1,32.5,8,2,train,2
417,418,1.0,2,0,18.0,0,2,13.0,8,2,train,2
418,419,0.0,2,1,30.0,0,0,13.0,8,2,train,0
419,420,0.0,3,0,10.0,0,2,24.15,8,2,train,2
420,421,0.0,3,1,29.881137667304014,0,0,7.8958,8,0,train,0
421,422,0.0,3,1,21.0,0,0,7.7333,8,1,train,0
422,423,0.0,3,1,29.0,0,0,7.875,8,2,train,0
423,424,0.0,3,0,28.0,1,1,14.4,8,2,train,2
424,425,0.0,3,1,18.0,1,1,20.2125,8,2,train,2
425,426,0.0,3,1,29.881137667304014,0,0,7.25,8,2,train,0
426,427,1.0,2,0,28.0,1,0,26.0,8,2,train,1
427,428,1.0,2,0,19.0,0,0,26.0,8,2,train,0
428,429,0.0,3,1,29.881137667304014,0,0,7.75,8,1,train,0
429,430,1.0,3,1,32.0,0,0,8.05,4,2,train,0
430,431,1.0,1,1,28.0,0,0,26.55,2,2,train,0
431,432,1.0,3,0,29.881137667304014,1,0,16.1,8,2,train,1
432,433,1.0,2,0,42.0,1,0,26.0,8,2,train,1
433,434,0.0,3,1,17.0,0,0,7.125,8,2,train,0
434,435,0.0,1,1,50.0,1,0,55.9,4,2,train,1
435,436,1.0,1,0,14.0,1,2,120.0,1,2,train,3
436,437,0.0,3,0,21.0,2,2,34.375,8,2,train,4
437,438,1.0,2,0,24.0,2,3,18.75,8,2,train,5
438,439,0.0,1,1,64.0,1,4,263.0,2,2,train,5
439,440,0.0,2,1,31.0,0,0,10.5,8,2,train,0
440,441,1.0,2,0,45.0,1,1,26.25,8,2,train,2
441,442,0.0,3,1,20.0,0,0,9.5,8,2,train,0
442,443,0.0,3,1,25.0,1,0,7.775,8,2,train,1
443,444,1.0,2,0,28.0,0,0,13.0,8,2,train,0
444,445,1.0,3,1,29.881137667304014,0,0,8.1125,8,2,train,0
445,446,1.0,1,1,4.0,0,2,81.8583,0,2,train,2
446,447,1.0,2,0,13.0,0,1,19.5,8,2,train,1
447,448,1.0,1,1,34.0,0,0,26.55,8,2,train,0
448,449,1.0,3,0,5.0,2,1,19.2583,8,0,train,3
449,450,1.0,1,1,52.0,0,0,30.5,2,2,train,0
450,451,0.0,2,1,36.0,1,2,27.75,8,2,train,3
451,452,0.0,3,1,29.881137667304014,1,0,19.9667,8,2,train,1
452,453,0.0,1,1,30.0,0,0,27.75,2,0,train,0
453,454,1.0,1,1,49.0,1,0,89.1042,2,0,train,1
454,455,0.0,3,1,29.881137667304014,0,0,8.05,8,2,train,0
455,456,1.0,3,1,29.0,0,0,7.8958,8,0,train,0
456,457,0.0,1,1,65.0,0,0,26.55,4,2,train,0
457,458,1.0,1,0,29.881137667304014,1,0,51.8625,3,2,train,1
458,459,1.0,2,0,50.0,0,0,10.5,8,2,train,0
459,460,0.0,3,1,29.881137667304014,0,0,7.75,8,1,train,0
460,461,1.0,1,1,48.0,0,0,26.55,4,2,train,0
461,462,0.0,3,1,34.0,0,0,8.05,8,2,train,0
462,463,0.0,1,1,47.0,0,0,38.5,4,2,train,0
463,464,0.0,2,1,48.0,0,0,13.0,8,2,train,0
464,465,0.0,3,1,29.881137667304014,0,0,8.05,8,2,train,0
465,466,0.0,3,1,38.0,0,0,7.05,8,2,train,0
466,467,0.0,2,1,29.881137667304014,0,0,0.0,8,2,train,0
467,468,0.0,1,1,56.0,0,0,26.55,8,2,train,0
468,469,0.0,3,1,29.881137667304014,0,0,7.725,8,1,train,0
469,470,1.0,3,0,0.75,2,1,19.2583,8,0,train,3
470,471,0.0,3,1,29.881137667304014,0,0,7.25,8,2,train,0
471,472,0.0,3,1,38.0,0,0,8.6625,8,2,train,0
472,473,1.0,2,0,33.0,1,2,27.75,8,2,train,3
473,474,1.0,2,0,23.0,0,0,13.7917,3,0,train,0
474,475,0.0,3,0,22.0,0,0,9.8375,8,2,train,0
475,476,0.0,1,1,29.881137667304014,0,0,52.0,0,2,train,0
476,477,0.0,2,1,34.0,1,0,21.0,8,2,train,1
477,478,0.0,3,1,29.0,1,0,7.0458,8,2,train,1
478,479,0.0,3,1,22.0,0,0,7.5208,8,2,train,0
479,480,1.0,3,0,2.0,0,1,12.2875,8,2,train,1
480,481,0.0,3,1,9.0,5,2,46.9,8,2,train,7
481,482,0.0,2,1,29.881137667304014,0,0,0.0,8,2,train,0
482,483,0.0,3,1,50.0,0,0,8.05,8,2,train,0
483,484,1.0,3,0,63.0,0,0,9.5875,8,2,train,0
484,485,1.0,1,1,25.0,1,0,91.0792,1,0,train,1
485,486,0.0,3,0,29.881137667304014,3,1,25.4667,8,2,train,4
486,487,1.0,1,0,35.0,1,0,90.0,2,2,train,1
487,488,0.0,1,1,58.0,0,0,29.7,1,0,train,0
488,489,0.0,3,1,30.0,0,0,8.05,8,2,train,0
489,490,1.0,3,1,9.0,1,1,15.9,8,2,train,2
490,491,0.0,3,1,29.881137667304014,1,0,19.9667,8,2,train,1
491,492,0.0,3,1,21.0,0,0,7.25,8,2,train,0
492,493,0.0,1,1,55.0,0,0,30.5,2,2,train,0
493,494,0.0,1,1,71.0,0,0,49.5042,8,0,train,0
494,495,0.0,3,1,21.0,0,0,8.05,8,2,train,0
495,496,0.0,3,1,29.881137667304014,0,0,14.4583,8,0,train,0
496,497,1.0,1,0,54.0,1,0,78.2667,3,0,train,1
497,498,0.0,3,1,29.881137667304014,0,0,15.1,8,2,train,0
498,499,0.0,1,0,25.0,1,2,151.55,2,2,train,3
499,500,0.0,3,1,24.0,0,0,7.7958,8,2,train,0
500,501,0.0,3,1,17.0,0,0,8.6625,8,2,train,0
501,502,0.0,3,0,21.0,0,0,7.75,8,1,train,0
502,503,0.0,3,0,29.881137667304014,0,0,7.6292,8,1,train,0
503,504,0.0,3,0,37.0,0,0,9.5875,8,2,train,0
504,505,1.0,1,0,16.0,0,0,86.5,1,2,train,0
505,506,0.0,1,1,18.0,1,0,108.9,2,0,train,1
506,507,1.0,2,0,33.0,0,2,26.0,8,2,train,2
507,508,1.0,1,1,29.881137667304014,0,0,26.55,8,2,train,0
508,509,0.0,3,1,28.0,0,0,22.525,8,2,train,0
509,510,1.0,3,1,26.0,0,0,56.4958,8,2,train,0
510,511,1.0,3,1,29.0,0,0,7.75,8,1,train,0
511,512,0.0,3,1,29.881137667304014,0,0,8.05,8,2,train,0
512,513,1.0,1,1,36.0,0,0,26.2875,4,2,train,0
513,514,1.0,1,0,54.0,1,0,59.4,8,0,train,1
514,515,0.0,3,1,24.0,0,0,7.4958,8,2,train,0
515,516,0.0,1,1,47.0,0,0,34.0208,3,2,train,0
516,517,1.0,2,0,34.0,0,0,10.5,5,2,train,0
517,518,0.0,3,1,29.881137667304014,0,0,24.15,8,1,train,0
518,519,1.0,2,0,36.0,1,0,26.0,8,2,train,1
519,520,0.0,3,1,32.0,0,0,7.8958,8,2,train,0
520,521,1.0,1,0,30.0,0,0,93.5,1,2,train,0
521,522,0.0,3,1,22.0,0,0,7.8958,8,2,train,0
522,523,0.0,3,1,29.881137667304014,0,0,7.225,8,0,train,0
523,524,1.0,1,0,44.0,0,1,57.9792,1,0,train,1
524,525,0.0,3,1,29.881137667304014,0,0,7.2292,8,0,train,0
525,526,0.0,3,1,40.5,0,0,7.75,8,1,train,0
526,527,1.0,2,0,50.0,0,0,10.5,8,2,train,0
527,528,0.0,1,1,29.881137667304014,0,0,221.7792,2,2,train,0
528,529,0.0,3,1,39.0,0,0,7.925,8,2,train,0
529,530,0.0,2,1,23.0,2,1,11.5,8,2,train,3
530,531,1.0,2,0,2.0,1,1,26.0,8,2,train,2
531,532,0.0,3,1,29.881137667304014,0,0,7.2292,8,0,train,0
532,533,0.0,3,1,17.0,1,1,7.2292,8,0,train,2
533,534,1.0,3,0,29.881137667304014,0,2,22.3583,8,0,train,2
534,535,0.0,3,0,30.0,0,0,8.6625,8,2,train,0
535,536,1.0,2,0,7.0,0,2,26.25,8,2,train,2
536,537,0.0,1,1,45.0,0,0,26.55,1,2,train,0
537,538,1.0,1,0,30.0,0,0,106.425,8,0,train,0
538,539,0.0,3,1,29.881137667304014,0,0,14.5,8,2,train,0
539,540,1.0,1,0,22.0,0,2,49.5,1,0,train,2
540,541,1.0,1,0,36.0,0,2,71.0,1,2,train,2
541,542,0.0,3,0,9.0,4,2,31.275,8,2,train,6
542,543,0.0,3,0,11.0,4,2,31.275,8,2,train,6
543,544,1.0,2,1,32.0,1,0,26.0,8,2,train,1
544,545,0.0,1,1,50.0,1,0,106.425,2,0,train,1
545,546,0.0,1,1,64.0,0,0,26.0,8,2,train,0
546,547,1.0,2,0,19.0,1,0,26.0,8,2,train,1
547,548,1.0,2,1,29.881137667304014,0,0,13.8625,8,0,train,0
548,549,0.0,3,1,33.0,1,1,20.525,8,2,train,2
549,550,1.0,2,1,8.0,1,1,36.75,8,2,train,2
550,551,1.0,1,1,17.0,0,2,110.8833,2,0,train,2
551,552,0.0,2,1,27.0,0,0,26.0,8,2,train,0
552,553,0.0,3,1,29.881137667304014,0,0,7.8292,8,1,train,0
553,554,1.0,3,1,22.0,0,0,7.225,8,0,train,0
554,555,1.0,3,0,22.0,0,0,7.775,8,2,train,0
555,556,0.0,1,1,62.0,0,0,26.55,8,2,train,0
556,557,1.0,1,0,48.0,1,0,39.6,0,0,train,1
557,558,0.0,1,1,29.881137667304014,0,0,227.525,8,0,train,0
558,559,1.0,1,0,39.0,1,1,79.65,4,2,train,2
559,560,1.0,3,0,36.0,1,0,17.4,8,2,train,1
560,561,0.0,3,1,29.881137667304014,0,0,7.75,8,1,train,0
561,562,0.0,3,1,40.0,0,0,7.8958,8,2,train,0
562,563,0.0,2,1,28.0,0,0,13.5,8,2,train,0
563,564,0.0,3,1,29.881137667304014,0,0,8.05,8,2,train,0
564,565,0.0,3,0,29.881137667304014,0,0,8.05,8,2,train,0
565,566,0.0,3,1,24.0,2,0,24.15,8,2,train,2
566,567,0.0,3,1,19.0,0,0,7.8958,8,2,train,0
567,568,0.0,3,0,29.0,0,4,21.075,8,2,train,4
568,569,0.0,3,1,29.881137667304014,0,0,7.2292,8,0,train,0
569,570,1.0,3,1,32.0,0,0,7.8542,8,2,train,0
570,571,1.0,2,1,62.0,0,0,10.5,8,2,train,0
571,572,1.0,1,0,53.0,2,0,51.4792,2,2,train,2
572,573,1.0,1,1,36.0,0,0,26.3875,4,2,train,0
573,574,1.0,3,0,29.881137667304014,0,0,7.75,8,1,train,0
574,575,0.0,3,1,16.0,0,0,8.05,8,2,train,0
575,576,0.0,3,1,19.0,0,0,14.5,8,2,train,0
576,577,1.0,2,0,34.0,0,0,13.0,8,2,train,0
577,578,1.0,1,0,39.0,1,0,55.9,4,2,train,1
578,579,0.0,3,0,29.881137667304014,1,0,14.4583,8,0,train,1
579,580,1.0,3,1,32.0,0,0,7.925,8,2,train,0
580,581,1.0,2,0,25.0,1,1,30.0,8,2,train,2
581,582,1.0,1,0,39.0,1,1,110.8833,2,0,train,2
582,583,0.0,2,1,54.0,0,0,26.0,8,2,train,0
583,584,0.0,1,1,36.0,0,0,40.125,0,0,train,0
584,585,0.0,3,1,29.881137667304014,0,0,8.7125,8,0,train,0
585,586,1.0,1,0,18.0,0,2,79.65,4,2,train,2
586,587,0.0,2,1,47.0,0,0,15.0,8,2,train,0
587,588,1.0,1,1,60.0,1,1,79.2,1,0,train,2
588,589,0.0,3,1,22.0,0,0,8.05,8,2,train,0
589,590,0.0,3,1,29.881137667304014,0,0,8.05,8,2,train,0
590,591,0.0,3,1,35.0,0,0,7.125,8,2,train,0
591,592,1.0,1,0,52.0,1,0,78.2667,3,0,train,1
592,593,0.0,3,1,47.0,0,0,7.25,8,2,train,0
593,594,0.0,3,0,29.881137667304014,0,2,7.75,8,1,train,2
594,595,0.0,2,1,37.0,1,0,26.0,8,2,train,1
595,596,0.0,3,1,36.0,1,1,24.15,8,2,train,2
596,597,1.0,2,0,29.881137667304014,0,0,33.0,8,2,train,0
597,598,0.0,3,1,49.0,0,0,0.0,8,2,train,0
598,599,0.0,3,1,29.881137667304014,0,0,7.225,8,0,train,0
599,600,1.0,1,1,49.0,1,0,56.9292,0,0,train,1
600,601,1.0,2,0,24.0,2,1,27.0,8,2,train,3
601,602,0.0,3,1,29.881137667304014,0,0,7.8958,8,2,train,0
602,603,0.0,1,1,29.881137667304014,0,0,42.4,8,2,train,0
603,604,0.0,3,1,44.0,0,0,8.05,8,2,train,0
604,605,1.0,1,1,35.0,0,0,26.55,8,0,train,0
605,606,0.0,3,1,36.0,1,0,15.55,8,2,train,1
606,607,0.0,3,1,30.0,0,0,7.8958,8,2,train,0
607,608,1.0,1,1,27.0,0,0,30.5,8,2,train,0
608,609,1.0,2,0,22.0,1,2,41.5792,8,0,train,3
609,610,1.0,1,0,40.0,0,0,153.4625,2,2,train,0
610,611,0.0,3,0,39.0,1,5,31.275,8,2,train,6
611,612,0.0,3,1,29.881137667304014,0,0,7.05,8,2,train,0
612,613,1.0,3,0,29.881137667304014,1,0,15.5,8,1,train,1
613,614,0.0,3,1,29.881137667304014,0,0,7.75,8,1,train,0
614,615,0.0,3,1,35.0,0,0,8.05,8,2,train,0
615,616,1.0,2,0,24.0,1,2,65.0,8,2,train,3
616,617,0.0,3,1,34.0,1,1,14.4,8,2,train,2
617,618,0.0,3,0,26.0,1,0,16.1,8,2,train,1
618,619,1.0,2,0,4.0,2,1,39.0,5,2,train,3
619,620,0.0,2,1,26.0,0,0,10.5,8,2,train,0
620,621,0.0,3,1,27.0,1,0,14.4542,8,0,train,1
621,622,1.0,1,1,42.0,1,0,52.5542,3,2,train,1
622,623,1.0,3,1,20.0,1,1,15.7417,8,0,train,2
623,624,0.0,3,1,21.0,0,0,7.8542,8,2,train,0
624,625,0.0,3,1,21.0,0,0,16.1,8,2,train,0
625,626,0.0,1,1,61.0,0,0,32.3208,3,2,train,0
626,627,0.0,2,1,57.0,0,0,12.35,8,1,train,0
627,628,1.0,1,0,21.0,0,0,77.9583,3,2,train,0
628,629,0.0,3,1,26.0,0,0,7.8958,8,2,train,0
629,630,0.0,3,1,29.881137667304014,0,0,7.7333,8,1,train,0
630,631,1.0,1,1,80.0,0,0,30.0,0,2,train,0
631,632,0.0,3,1,51.0,0,0,7.0542,8,2,train,0
632,633,1.0,1,1,32.0,0,0,30.5,1,0,train,0
633,634,0.0,1,1,29.881137667304014,0,0,0.0,8,2,train,0
634,635,0.0,3,0,9.0,3,2,27.9,8,2,train,5
635,636,1.0,2,0,28.0,0,0,13.0,8,2,train,0
636,637,0.0,3,1,32.0,0,0,7.925,8,2,train,0
637,638,0.0,2,1,31.0,1,1,26.25,8,2,train,2
638,639,0.0,3,0,41.0,0,5,39.6875,8,2,train,5
639,640,0.0,3,1,29.881137667304014,1,0,16.1,8,2,train,1
640,641,0.0,3,1,20.0,0,0,7.8542,8,2,train,0
641,642,1.0,1,0,24.0,0,0,69.3,1,0,train,0
642,643,0.0,3,0,2.0,3,2,27.9,8,2,train,5
643,644,1.0,3,1,29.881137667304014,0,0,56.4958,8,2,train,0
644,645,1.0,3,0,0.75,2,1,19.2583,8,0,train,3
645,646,1.0,1,1,48.0,1,0,76.7292,3,0,train,1
646,647,0.0,3,1,19.0,0,0,7.8958,8,2,train,0
647,648,1.0,1,1,56.0,0,0,35.5,0,0,train,0
648,649,0.0,3,1,29.881137667304014,0,0,7.55,8,2,train,0
649,650,1.0,3,0,23.0,0,0,7.55,8,2,train,0
650,651,0.0,3,1,29.881137667304014,0,0,7.8958,8,2,train,0
651,652,1.0,2,0,18.0,0,1,23.0,8,2,train,1
652,653,0.0,3,1,21.0,0,0,8.4333,8,2,train,0
653,654,1.0,3,0,29.881137667304014,0,0,7.8292,8,1,train,0
654,655,0.0,3,0,18.0,0,0,6.75,8,1,train,0
655,656,0.0,2,1,24.0,2,0,73.5,8,2,train,2
656,657,0.0,3,1,29.881137667304014,0,0,7.8958,8,2,train,0
657,658,0.0,3,0,32.0,1,1,15.5,8,1,train,2
658,659,0.0,2,1,23.0,0,0,13.0,8,2,train,0
659,660,0.0,1,1,58.0,0,2,113.275,3,0,train,2
660,661,1.0,1,1,50.0,2,0,133.65,8,2,train,2
661,662,0.0,3,1,40.0,0,0,7.225,8,0,train,0
662,663,0.0,1,1,47.0,0,0,25.5875,4,2,train,0
663,664,0.0,3,1,36.0,0,0,7.4958,8,2,train,0
664,665,1.0,3,1,20.0,1,0,7.925,8,2,train,1
665,666,0.0,2,1,32.0,2,0,73.5,8,2,train,2
666,667,0.0,2,1,25.0,0,0,13.0,8,2,train,0
667,668,0.0,3,1,29.881137667304014,0,0,7.775,8,2,train,0
668,669,0.0,3,1,43.0,0,0,8.05,8,2,train,0
669,670,1.0,1,0,29.881137667304014,1,0,52.0,2,2,train,1
670,671,1.0,2,0,40.0,1,1,39.0,8,2,train,2
671,672,0.0,1,1,31.0,1,0,52.0,1,2,train,1
672,673,0.0,2,1,70.0,0,0,10.5,8,2,train,0
673,674,1.0,2,1,31.0,0,0,13.0,8,2,train,0
674,675,0.0,2,1,29.881137667304014,0,0,0.0,8,2,train,0
675,676,0.0,3,1,18.0,0,0,7.775,8,2,train,0
676,677,0.0,3,1,24.5,0,0,8.05,8,2,train,0
677,678,1.0,3,0,18.0,0,0,9.8417,8,2,train,0
678,679,0.0,3,0,43.0,1,6,46.9,8,2,train,7
679,680,1.0,1,1,36.0,0,1,512.3292,1,0,train,1
680,681,0.0,3,0,29.881137667304014,0,0,8.1375,8,1,train,0
681,682,1.0,1,1,27.0,0,0,76.7292,3,0,train,0
682,683,0.0,3,1,20.0,0,0,9.225,8,2,train,0
683,684,0.0,3,1,14.0,5,2,46.9,8,2,train,7
684,685,0.0,2,1,60.0,1,1,39.0,8,2,train,2
685,686,0.0,2,1,25.0,1,2,41.5792,8,0,train,3
686,687,0.0,3,1,14.0,4,1,39.6875,8,2,train,5
687,688,0.0,3,1,19.0,0,0,10.1708,8,2,train,0
688,689,0.0,3,1,18.0,0,0,7.7958,8,2,train,0
689,690,1.0,1,0,15.0,0,1,211.3375,1,2,train,1
690,691,1.0,1,1,31.0,1,0,57.0,1,2,train,1
691,692,1.0,3,0,4.0,0,1,13.4167,8,0,train,1
692,693,1.0,3,1,29.881137667304014,0,0,56.4958,8,2,train,0
693,694,0.0,3,1,25.0,0,0,7.225,8,0,train,0
694,695,0.0,1,1,60.0,0,0,26.55,8,2,train,0
695,696,0.0,2,1,52.0,0,0,13.5,8,2,train,0
696,697,0.0,3,1,44.0,0,0,8.05,8,2,train,0
697,698,1.0,3,0,29.881137667304014,0,0,7.7333,8,1,train,0
698,699,0.0,1,1,49.0,1,1,110.8833,2,0,train,2
699,700,0.0,3,1,42.0,0,0,7.65,5,2,train,0
700,701,1.0,1,0,18.0,1,0,227.525,2,0,train,1
701,702,1.0,1,1,35.0,0,0,26.2875,4,2,train,0
702,703,0.0,3,0,18.0,0,1,14.4542,8,0,train,1
703,704,0.0,3,1,25.0,0,0,7.7417,8,1,train,0
704,705,0.0,3,1,26.0,1,0,7.8542,8,2,train,1
705,706,0.0,2,1,39.0,0,0,26.0,8,2,train,0
706,707,1.0,2,0,45.0,0,0,13.5,8,2,train,0
707,708,1.0,1,1,42.0,0,0,26.2875,4,2,train,0
708,709,1.0,1,0,22.0,0,0,151.55,8,2,train,0
709,710,1.0,3,1,29.881137667304014,1,1,15.2458,8,0,train,2
710,711,1.0,1,0,24.0,0,0,49.5042,2,0,train,0
711,712,0.0,1,1,29.881137667304014,0,0,26.55,2,2,train,0
712,713,1.0,1,1,48.0,1,0,52.0,2,2,train,1
713,714,0.0,3,1,29.0,0,0,9.4833,8,2,train,0
714,715,0.0,2,1,52.0,0,0,13.0,8,2,train,0
715,716,0.0,3,1,19.0,0,0,7.65,5,2,train,0
716,717,1.0,1,0,38.0,0,0,227.525,2,0,train,0
717,718,1.0,2,0,27.0,0,0,10.5,4,2,train,0
718,719,0.0,3,1,29.881137667304014,0,0,15.5,8,1,train,0
719,720,0.0,3,1,33.0,0,0,7.775,8,2,train,0
720,721,1.0,2,0,6.0,0,1,33.0,8,2,train,1
721,722,0.0,3,1,17.0,1,0,7.0542,8,2,train,1
722,723,0.0,2,1,34.0,0,0,13.0,8,2,train,0
723,724,0.0,2,1,50.0,0,0,13.0,8,2,train,0
724,725,1.0,1,1,27.0,1,0,53.1,4,2,train,1
725,726,0.0,3,1,20.0,0,0,8.6625,8,2,train,0
726,727,1.0,2,0,30.0,3,0,21.0,8,2,train,3
727,728,1.0,3,0,29.881137667304014,0,0,7.7375,8,1,train,0
728,729,0.0,2,1,25.0,1,0,26.0,8,2,train,1
729,730,0.0,3,0,25.0,1,0,7.925,8,2,train,1
730,731,1.0,1,0,29.0,0,0,211.3375,1,2,train,0
731,732,0.0,3,1,11.0,0,0,18.7875,8,0,train,0
732,733,0.0,2,1,29.881137667304014,0,0,0.0,8,2,train,0
733,734,0.0,2,1,23.0,0,0,13.0,8,2,train,0
734,735,0.0,2,1,23.0,0,0,13.0,8,2,train,0
735,736,0.0,3,1,28.5,0,0,16.1,8,2,train,0
736,737,0.0,3,0,48.0,1,3,34.375,8,2,train,4
737,738,1.0,1,1,35.0,0,0,512.3292,1,0,train,0
738,739,0.0,3,1,29.881137667304014,0,0,7.8958,8,2,train,0
739,740,0.0,3,1,29.881137667304014,0,0,7.8958,8,2,train,0
740,741,1.0,1,1,29.881137667304014,0,0,30.0,3,2,train,0
741,742,0.0,1,1,36.0,1,0,78.85,2,2,train,1
742,743,1.0,1,0,21.0,2,2,262.375,1,0,train,4
743,744,0.0,3,1,24.0,1,0,16.1,8,2,train,1
744,745,1.0,3,1,31.0,0,0,7.925,8,2,train,0
745,746,0.0,1,1,70.0,1,1,71.0,1,2,train,2
746,747,0.0,3,1,16.0,1,1,20.25,8,2,train,2
747,748,1.0,2,0,30.0,0,0,13.0,8,2,train,0
748,749,0.0,1,1,19.0,1,0,53.1,3,2,train,1
749,750,0.0,3,1,31.0,0,0,7.75,8,1,train,0
750,751,1.0,2,0,4.0,1,1,23.0,8,2,train,2
751,752,1.0,3,1,6.0,0,1,12.475,4,2,train,1
752,753,0.0,3,1,33.0,0,0,9.5,8,2,train,0
753,754,0.0,3,1,23.0,0,0,7.8958,8,2,train,0
754,755,1.0,2,0,48.0,1,2,65.0,8,2,train,3
755,756,1.0,2,1,0.67,1,1,14.5,8,2,train,2
756,757,0.0,3,1,28.0,0,0,7.7958,8,2,train,0
757,758,0.0,2,1,18.0,0,0,11.5,8,2,train,0
758,759,0.0,3,1,34.0,0,0,8.05,8,2,train,0
759,760,1.0,1,0,33.0,0,0,86.5,1,2,train,0
760,761,0.0,3,1,29.881137667304014,0,0,14.5,8,2,train,0
761,762,0.0,3,1,41.0,0,0,7.125,8,2,train,0
762,763,1.0,3,1,20.0,0,0,7.2292,8,0,train,0
763,764,1.0,1,0,36.0,1,2,120.0,1,2,train,3
764,765,0.0,3,1,16.0,0,0,7.775,8,2,train,0
765,766,1.0,1,0,51.0,1,0,77.9583,3,2,train,1
766,767,0.0,1,1,29.881137667304014,0,0,39.6,8,0,train,0
767,768,0.0,3,0,30.5,0,0,7.75,8,1,train,0
768,769,0.0,3,1,29.881137667304014,1,0,24.15,8,1,train,1
769,770,0.0,3,1,32.0,0,0,8.3625,8,2,train,0
770,771,0.0,3,1,24.0,0,0,9.5,8,2,train,0
771,772,0.0,3,1,48.0,0,0,7.8542,8,2,train,0
772,773,0.0,2,0,57.0,0,0,10.5,4,2,train,0
773,774,0.0,3,1,29.881137667304014,0,0,7.225,8,0,train,0
774,775,1.0,2,0,54.0,1,3,23.0,8,2,train,4
775,776,0.0,3,1,18.0,0,0,7.75,8,2,train,0
776,777,0.0,3,1,29.881137667304014,0,0,7.75,5,1,train,0
777,778,1.0,3,0,5.0,0,0,12.475,8,2,train,0
778,779,0.0,3,1,29.881137667304014,0,0,7.7375,8,1,train,0
779,780,1.0,1,0,43.0,0,1,211.3375,1,2,train,1
780,781,1.0,3,0,13.0,0,0,7.2292,8,0,train,0
781,782,1.0,1,0,17.0,1,0,57.0,1,2,train,1
782,783,0.0,1,1,29.0,0,0,30.0,3,2,train,0
783,784,0.0,3,1,29.881137667304014,1,2,23.45,8,2,train,3
784,785,0.0,3,1,25.0,0,0,7.05,8,2,train,0
785,786,0.0,3,1,25.0,0,0,7.25,8,2,train,0
786,787,1.0,3,0,18.0,0,0,7.4958,8,2,train,0
787,788,0.0,3,1,8.0,4,1,29.125,8,1,train,5
788,789,1.0,3,1,1.0,1,2,20.575,8,2,train,3
789,790,0.0,1,1,46.0,0,0,79.2,1,0,train,0
790,791,0.0,3,1,29.881137667304014,0,0,7.75,8,1,train,0
791,792,0.0,2,1,16.0,0,0,26.0,8,2,train,0
792,793,0.0,3,0,29.881137667304014,8,2,69.55,8,2,train,10
793,794,0.0,1,1,29.881137667304014,0,0,30.6958,8,0,train,0
794,795,0.0,3,1,25.0,0,0,7.8958,8,2,train,0
795,796,0.0,2,1,39.0,0,0,13.0,8,2,train,0
796,797,1.0,1,0,49.0,0,0,25.9292,3,2,train,0
797,798,1.0,3,0,31.0,0,0,8.6833,8,2,train,0
798,799,0.0,3,1,30.0,0,0,7.2292,8,0,train,0
799,800,0.0,3,0,30.0,1,1,24.15,8,2,train,2
800,801,0.0,2,1,34.0,0,0,13.0,8,2,train,0
801,802,1.0,2,0,31.0,1,1,26.25,8,2,train,2
802,803,1.0,1,1,11.0,1,2,120.0,1,2,train,3
803,804,1.0,3,1,0.42,0,1,8.5167,8,0,train,1
804,805,1.0,3,1,27.0,0,0,6.975,8,2,train,0
805,806,0.0,3,1,31.0,0,0,7.775,8,2,train,0
806,807,0.0,1,1,39.0,0,0,0.0,0,2,train,0
807,808,0.0,3,0,18.0,0,0,7.775,8,2,train,0
808,809,0.0,2,1,39.0,0,0,13.0,8,2,train,0
809,810,1.0,1,0,33.0,1,0,53.1,4,2,train,1
810,811,0.0,3,1,26.0,0,0,7.8875,8,2,train,0
811,812,0.0,3,1,39.0,0,0,24.15,8,2,train,0
812,813,0.0,2,1,35.0,0,0,10.5,8,2,train,0
813,814,0.0,3,0,6.0,4,2,31.275,8,2,train,6
814,815,0.0,3,1,30.5,0,0,8.05,8,2,train,0
815,816,0.0,1,1,29.881137667304014,0,0,0.0,1,2,train,0
816,817,0.0,3,0,23.0,0,0,7.925,8,2,train,0
817,818,0.0,2,1,31.0,1,1,37.0042,8,0,train,2
818,819,0.0,3,1,43.0,0,0,6.45,8,2,train,0
819,820,0.0,3,1,10.0,3,2,27.9,8,2,train,5
820,821,1.0,1,0,52.0,1,1,93.5,1,2,train,2
821,822,1.0,3,1,27.0,0,0,8.6625,8,2,train,0
822,823,0.0,1,1,38.0,0,0,0.0,8,2,train,0
823,824,1.0,3,0,27.0,0,1,12.475,4,2,train,1
824,825,0.0,3,1,2.0,4,1,39.6875,8,2,train,5
825,826,0.0,3,1,29.881137667304014,0,0,6.95,8,1,train,0
826,827,0.0,3,1,29.881137667304014,0,0,56.4958,8,2,train,0
827,828,1.0,2,1,1.0,0,2,37.0042,8,0,train,2
828,829,1.0,3,1,29.881137667304014,0,0,7.75,8,1,train,0
829,830,1.0,1,0,62.0,0,0,80.0,1,2,train,0
830,831,1.0,3,0,15.0,1,0,14.4542,8,0,train,1
831,832,1.0,2,1,0.83,1,1,18.75,8,2,train,2
832,833,0.0,3,1,29.881137667304014,0,0,7.2292,8,0,train,0
833,834,0.0,3,1,23.0,0,0,7.8542,8,2,train,0
834,835,0.0,3,1,18.0,0,0,8.3,8,2,train,0
835,836,1.0,1,0,39.0,1,1,83.1583,4,0,train,2
836,837,0.0,3,1,21.0,0,0,8.6625,8,2,train,0
837,838,0.0,3,1,29.881137667304014,0,0,8.05,8,2,train,0
838,839,1.0,3,1,32.0,0,0,56.4958,8,2,train,0
839,840,1.0,1,1,29.881137667304014,0,0,29.7,2,0,train,0
840,841,0.0,3,1,20.0,0,0,7.925,8,2,train,0
841,842,0.0,2,1,16.0,0,0,10.5,8,2,train,0
842,843,1.0,1,0,30.0,0,0,31.0,8,0,train,0
843,844,0.0,3,1,34.5,0,0,6.4375,8,0,train,0
844,845,0.0,3,1,17.0,0,0,8.6625,8,2,train,0
845,846,0.0,3,1,42.0,0,0,7.55,8,2,train,0
846,847,0.0,3,1,29.881137667304014,8,2,69.55,8,2,train,10
847,848,0.0,3,1,35.0,0,0,7.8958,8,0,train,0
848,849,0.0,2,1,28.0,0,1,33.0,8,2,train,1
849,850,1.0,1,0,29.881137667304014,1,0,89.1042,2,0,train,1
850,851,0.0,3,1,4.0,4,2,31.275,8,2,train,6
851,852,0.0,3,1,74.0,0,0,7.775,8,2,train,0
852,853,0.0,3,0,9.0,1,1,15.2458,8,0,train,2
853,854,1.0,1,0,16.0,0,1,39.4,3,2,train,1
854,855,0.0,2,0,44.0,1,0,26.0,8,2,train,1
855,856,1.0,3,0,18.0,0,1,9.35,8,2,train,1
856,857,1.0,1,0,45.0,1,1,164.8667,8,2,train,2
857,858,1.0,1,1,51.0,0,0,26.55,4,2,train,0
858,859,1.0,3,0,24.0,0,3,19.2583,8,0,train,3
859,860,0.0,3,1,29.881137667304014,0,0,7.2292,8,0,train,0
860,861,0.0,3,1,41.0,2,0,14.1083,8,2,train,2
861,862,0.0,2,1,21.0,1,0,11.5,8,2,train,1
862,863,1.0,1,0,48.0,0,0,25.9292,3,2,train,0
863,864,0.0,3,0,29.881137667304014,8,2,69.55,8,2,train,10
864,865,0.0,2,1,24.0,0,0,13.0,8,2,train,0
865,866,1.0,2,0,42.0,0,0,13.0,8,2,train,0
866,867,1.0,2,0,27.0,1,0,13.8583,8,0,train,1
867,868,0.0,1,1,31.0,0,0,50.4958,0,2,train,0
868,869,0.0,3,1,29.881137667304014,0,0,9.5,8,2,train,0
869,870,1.0,3,1,4.0,1,1,11.1333,8,2,train,2
870,871,0.0,3,1,26.0,0,0,7.8958,8,2,train,0
871,872,1.0,1,0,47.0,1,1,52.5542,3,2,train,2
872,873,0.0,1,1,33.0,0,0,5.0,1,2,train,0
873,874,0.0,3,1,47.0,0,0,9.0,8,2,train,0
874,875,1.0,2,0,28.0,1,0,24.0,8,0,train,1
875,876,1.0,3,0,15.0,0,0,7.225,8,0,train,0
876,877,0.0,3,1,20.0,0,0,9.8458,8,2,train,0
877,878,0.0,3,1,19.0,0,0,7.8958,8,2,train,0
878,879,0.0,3,1,29.881137667304014,0,0,7.8958,8,2,train,0
879,880,1.0,1,0,56.0,0,1,83.1583,2,0,train,1
880,881,1.0,2,0,25.0,0,1,26.0,8,2,train,1
881,882,0.0,3,1,33.0,0,0,7.8958,8,2,train,0
882,883,0.0,3,0,22.0,0,0,10.5167,8,2,train,0
883,884,0.0,2,1,28.0,0,0,10.5,8,2,train,0
884,885,0.0,3,1,25.0,0,0,7.05,8,2,train,0
885,886,0.0,3,0,39.0,0,5,29.125,8,1,train,5
886,887,0.0,2,1,27.0,0,0,13.0,8,2,train,0
887,888,1.0,1,0,19.0,0,0,30.0,1,2,train,0
888,889,0.0,3,0,29.881137667304014,1,2,23.45,8,2,train,3
889,890,1.0,1,1,26.0,0,0,30.0,2,0,train,0
890,891,0.0,3,1,32.0,0,0,7.75,8,1,train,0
891,892,-1.0,3,1,34.5,0,0,7.8292,8,1,test,0
892,893,-1.0,3,0,47.0,1,0,7.0,8,2,test,1
893,894,-1.0,2,1,62.0,0,0,9.6875,8,1,test,0
894,895,-1.0,3,1,27.0,0,0,8.6625,8,2,test,0
895,896,-1.0,3,0,22.0,1,1,12.2875,8,2,test,2
896,897,-1.0,3,1,14.0,0,0,9.225,8,2,test,0
897,898,-1.0,3,0,30.0,0,0,7.6292,8,1,test,0
898,899,-1.0,2,1,26.0,1,1,29.0,8,2,test,2
899,900,-1.0,3,0,18.0,0,0,7.2292,8,0,test,0
900,901,-1.0,3,1,21.0,2,0,24.15,8,2,test,2
901,902,-1.0,3,1,29.881137667304014,0,0,7.8958,8,2,test,0
902,903,-1.0,1,1,46.0,0,0,26.0,8,2,test,0
903,904,-1.0,1,0,23.0,1,0,82.2667,1,2,test,1
904,905,-1.0,2,1,63.0,1,0,26.0,8,2,test,1
905,906,-1.0,1,0,47.0,1,0,61.175,4,2,test,1
906,907,-1.0,2,0,24.0,1,0,27.7208,8,0,test,1
907,908,-1.0,2,1,35.0,0,0,12.35,8,1,test,0
908,909,-1.0,3,1,21.0,0,0,7.225,8,0,test,0
909,910,-1.0,3,0,27.0,1,0,7.925,8,2,test,1
910,911,-1.0,3,0,45.0,0,0,7.225,8,0,test,0
911,912,-1.0,1,1,55.0,1,0,59.4,8,0,test,1
912,913,-1.0,3,1,9.0,0,1,3.1708,8,2,test,1
913,914,-1.0,1,0,29.881137667304014,0,0,31.6833,8,2,test,0
914,915,-1.0,1,1,21.0,0,1,61.3792,8,0,test,1
915,916,-1.0,1,0,48.0,1,3,262.375,1,0,test,4
916,917,-1.0,3,1,50.0,1,0,14.5,8,2,test,1
917,918,-1.0,1,0,22.0,0,1,61.9792,1,0,test,1
918,919,-1.0,3,1,22.5,0,0,7.225,8,0,test,0
919,920,-1.0,1,1,41.0,0,0,30.5,0,2,test,0
920,921,-1.0,3,1,29.881137667304014,2,0,21.6792,8,0,test,2
921,922,-1.0,2,1,50.0,1,0,26.0,8,2,test,1
922,923,-1.0,2,1,24.0,2,0,31.5,8,2,test,2
923,924,-1.0,3,0,33.0,1,2,20.575,8,2,test,3
924,925,-1.0,3,0,29.881137667304014,1,2,23.45,8,2,test,3
925,926,-1.0,1,1,30.0,1,0,57.75,2,0,test,1
926,927,-1.0,3,1,18.5,0,0,7.2292,8,0,test,0
927,928,-1.0,3,0,29.881137667304014,0,0,8.05,8,2,test,0
928,929,-1.0,3,0,21.0,0,0,8.6625,8,2,test,0
929,930,-1.0,3,1,25.0,0,0,9.5,8,2,test,0
930,931,-1.0,3,1,29.881137667304014,0,0,56.4958,8,2,test,0
931,932,-1.0,3,1,39.0,0,1,13.4167,8,0,test,1
932,933,-1.0,1,1,29.881137667304014,0,0,26.55,3,2,test,0
933,934,-1.0,3,1,41.0,0,0,7.85,8,2,test,0
934,935,-1.0,2,0,30.0,0,0,13.0,8,2,test,0
935,936,-1.0,1,0,45.0,1,0,52.5542,3,2,test,1
936,937,-1.0,3,1,25.0,0,0,7.925,8,2,test,0
937,938,-1.0,1,1,45.0,0,0,29.7,0,0,test,0
938,939,-1.0,3,1,29.881137667304014,0,0,7.75,8,1,test,0
939,940,-1.0,1,0,60.0,0,0,76.2917,3,0,test,0
940,941,-1.0,3,0,36.0,0,2,15.9,8,2,test,2
941,942,-1.0,1,1,24.0,1,0,60.0,2,2,test,1
942,943,-1.0,2,1,27.0,0,0,15.0333,8,0,test,0
943,944,-1.0,2,0,20.0,2,1,23.0,8,2,test,3
944,945,-1.0,1,0,28.0,3,2,263.0,2,2,test,5
945,946,-1.0,2,1,29.881137667304014,0,0,15.5792,8,0,test,0
946,947,-1.0,3,1,10.0,4,1,29.125,8,1,test,5
947,948,-1.0,3,1,35.0,0,0,7.8958,8,2,test,0
948,949,-1.0,3,1,25.0,0,0,7.65,5,2,test,0
949,950,-1.0,3,1,29.881137667304014,1,0,16.1,8,2,test,1
950,951,-1.0,1,0,36.0,0,0,262.375,1,0,test,0
951,952,-1.0,3,1,17.0,0,0,7.8958,8,2,test,0
952,953,-1.0,2,1,32.0,0,0,13.5,8,2,test,0
953,954,-1.0,3,1,18.0,0,0,7.75,8,2,test,0
954,955,-1.0,3,0,22.0,0,0,7.725,8,1,test,0
955,956,-1.0,1,1,13.0,2,2,262.375,1,0,test,4
956,957,-1.0,2,0,29.881137667304014,0,0,21.0,8,2,test,0
957,958,-1.0,3,0,18.0,0,0,7.8792,8,1,test,0
958,959,-1.0,1,1,47.0,0,0,42.4,8,2,test,0
959,960,-1.0,1,1,31.0,0,0,28.5375,2,0,test,0
960,961,-1.0,1,0,60.0,1,4,263.0,2,2,test,5
961,962,-1.0,3,0,24.0,0,0,7.75,8,1,test,0
962,963,-1.0,3,1,21.0,0,0,7.8958,8,2,test,0
963,964,-1.0,3,0,29.0,0,0,7.925,8,2,test,0
964,965,-1.0,1,1,28.5,0,0,27.7208,3,0,test,0
965,966,-1.0,1,0,35.0,0,0,211.5,2,0,test,0
966,967,-1.0,1,1,32.5,0,0,211.5,2,0,test,0
967,968,-1.0,3,1,29.881137667304014,0,0,8.05,8,2,test,0
968,969,-1.0,1,0,55.0,2,0,25.7,2,2,test,2
969,970,-1.0,2,1,30.0,0,0,13.0,8,2,test,0
970,971,-1.0,3,0,24.0,0,0,7.75,8,1,test,0
971,972,-1.0,3,1,6.0,1,1,15.2458,8,0,test,2
972,973,-1.0,1,1,67.0,1,0,221.7792,2,2,test,1
973,974,-1.0,1,1,49.0,0,0,26.0,8,2,test,0
974,975,-1.0,3,1,29.881137667304014,0,0,7.8958,8,2,test,0
975,976,-1.0,2,1,29.881137667304014,0,0,10.7083,8,1,test,0
976,977,-1.0,3,1,29.881137667304014,1,0,14.4542,8,0,test,1
977,978,-1.0,3,0,27.0,0,0,7.8792,8,1,test,0
978,979,-1.0,3,0,18.0,0,0,8.05,8,2,test,0
979,980,-1.0,3,0,29.881137667304014,0,0,7.75,8,1,test,0
980,981,-1.0,2,1,2.0,1,1,23.0,8,2,test,2
981,982,-1.0,3,0,22.0,1,0,13.9,8,2,test,1
982,983,-1.0,3,1,29.881137667304014,0,0,7.775,8,2,test,0
983,984,-1.0,1,0,27.0,1,2,52.0,1,2,test,3
984,985,-1.0,3,1,29.881137667304014,0,0,8.05,8,2,test,0
985,986,-1.0,1,1,25.0,0,0,26.0,8,0,test,0
986,987,-1.0,3,1,25.0,0,0,7.7958,8,2,test,0
987,988,-1.0,1,0,76.0,1,0,78.85,2,2,test,1
988,989,-1.0,3,1,29.0,0,0,7.925,8,2,test,0
989,990,-1.0,3,0,20.0,0,0,7.8542,8,2,test,0
990,991,-1.0,3,1,33.0,0,0,8.05,8,2,test,0
991,992,-1.0,1,0,43.0,1,0,55.4417,2,0,test,1
992,993,-1.0,2,1,27.0,1,0,26.0,8,2,test,1
993,994,-1.0,3,1,29.881137667304014,0,0,7.75,8,1,test,0
994,995,-1.0,3,1,26.0,0,0,7.775,8,2,test,0
995,996,-1.0,3,0,16.0,1,1,8.5167,8,0,test,2
996,997,-1.0,3,1,28.0,0,0,22.525,8,2,test,0
997,998,-1.0,3,1,21.0,0,0,7.8208,8,1,test,0
998,999,-1.0,3,1,29.881137667304014,0,0,7.75,8,1,test,0
999,1000,-1.0,3,1,29.881137667304014,0,0,8.7125,8,2,test,0
1000,1001,-1.0,2,1,18.5,0,0,13.0,5,2,test,0
1001,1002,-1.0,2,1,41.0,0,0,15.0458,8,0,test,0
1002,1003,-1.0,3,0,29.881137667304014,0,0,7.7792,8,1,test,0
1003,1004,-1.0,1,0,36.0,0,0,31.6792,0,0,test,0
1004,1005,-1.0,3,0,18.5,0,0,7.2833,8,1,test,0
1005,1006,-1.0,1,0,63.0,1,0,221.7792,2,2,test,1
1006,1007,-1.0,3,1,18.0,1,0,14.4542,8,0,test,1
1007,1008,-1.0,3,1,29.881137667304014,0,0,6.4375,8,0,test,0
1008,1009,-1.0,3,0,1.0,1,1,16.7,6,2,test,2
1009,1010,-1.0,1,1,36.0,0,0,75.2417,2,0,test,0
1010,1011,-1.0,2,0,29.0,1,0,26.0,8,2,test,1
1011,1012,-1.0,2,0,12.0,0,0,15.75,8,2,test,0
1012,1013,-1.0,3,1,29.881137667304014,1,0,7.75,8,1,test,1
1013,1014,-1.0,1,0,35.0,1,0,57.75,2,0,test,1
1014,1015,-1.0,3,1,28.0,0,0,7.25,8,2,test,0
1015,1016,-1.0,3,1,29.881137667304014,0,0,7.75,8,1,test,0
1016,1017,-1.0,3,0,17.0,0,1,16.1,8,2,test,1
1017,1018,-1.0,3,1,22.0,0,0,7.7958,8,2,test,0
1018,1019,-1.0,3,0,29.881137667304014,2,0,23.25,8,1,test,2
1019,1020,-1.0,2,1,42.0,0,0,13.0,8,2,test,0
1020,1021,-1.0,3,1,24.0,0,0,8.05,8,2,test,0
1021,1022,-1.0,3,1,32.0,0,0,8.05,8,2,test,0
1022,1023,-1.0,1,1,53.0,0,0,28.5,2,0,test,0
1023,1024,-1.0,3,0,29.881137667304014,0,4,25.4667,8,2,test,4
1024,1025,-1.0,3,1,29.881137667304014,1,0,6.4375,8,0,test,1
1025,1026,-1.0,3,1,43.0,0,0,7.8958,8,2,test,0
1026,1027,-1.0,3,1,24.0,0,0,7.8542,8,2,test,0
1027,1028,-1.0,3,1,26.5,0,0,7.225,8,0,test,0
1028,1029,-1.0,2,1,26.0,0,0,13.0,8,2,test,0
1029,1030,-1.0,3,0,23.0,0,0,8.05,8,2,test,0
1030,1031,-1.0,3,1,40.0,1,6,46.9,8,2,test,7
1031,1032,-1.0,3,0,10.0,5,2,46.9,8,2,test,7
1032,1033,-1.0,1,0,33.0,0,0,151.55,8,2,test,0
1033,1034,-1.0,1,1,61.0,1,3,262.375,1,0,test,4
1034,1035,-1.0,2,1,28.0,0,0,26.0,8,2,test,0
1035,1036,-1.0,1,1,42.0,0,0,26.55,8,2,test,0
1036,1037,-1.0,3,1,31.0,3,0,18.0,8,2,test,3
1037,1038,-1.0,1,1,29.881137667304014,0,0,51.8625,4,2,test,0
1038,1039,-1.0,3,1,22.0,0,0,8.05,8,2,test,0
1039,1040,-1.0,1,1,29.881137667304014,0,0,26.55,8,2,test,0
1040,1041,-1.0,2,1,30.0,1,1,26.0,8,2,test,2
1041,1042,-1.0,1,0,23.0,0,1,83.1583,2,0,test,1
1042,1043,-1.0,3,1,29.881137667304014,0,0,7.8958,8,0,test,0
1043,1044,-1.0,3,1,60.5,0,0,33.29547928134557,8,2,test,0
1044,1045,-1.0,3,0,36.0,0,2,12.1833,8,2,test,2
1045,1046,-1.0,3,1,13.0,4,2,31.3875,8,2,test,6
1046,1047,-1.0,3,1,24.0,0,0,7.55,8,2,test,0
1047,1048,-1.0,1,0,29.0,0,0,221.7792,2,2,test,0
1048,1049,-1.0,3,0,23.0,0,0,7.8542,8,2,test,0
1049,1050,-1.0,1,1,42.0,0,0,26.55,3,2,test,0
1050,1051,-1.0,3,0,26.0,0,2,13.775,8,2,test,2
1051,1052,-1.0,3,0,29.881137667304014,0,0,7.7333,8,1,test,0
1052,1053,-1.0,3,1,7.0,1,1,15.2458,8,0,test,2
1053,1054,-1.0,2,0,26.0,0,0,13.5,8,2,test,0
1054,1055,-1.0,3,1,29.881137667304014,0,0,7.0,8,2,test,0
1055,1056,-1.0,2,1,41.0,0,0,13.0,8,2,test,0
1056,1057,-1.0,3,0,26.0,1,1,22.025,8,2,test,2
1057,1058,-1.0,1,1,48.0,0,0,50.4958,1,0,test,0
1058,1059,-1.0,3,1,18.0,2,2,34.375,8,2,test,4
1059,1060,-1.0,1,0,29.881137667304014,0,0,27.7208,8,0,test,0
1060,1061,-1.0,3,0,22.0,0,0,8.9625,8,2,test,0
1061,1062,-1.0,3,1,29.881137667304014,0,0,7.55,8,2,test,0
1062,1063,-1.0,3,1,27.0,0,0,7.225,8,0,test,0
1063,1064,-1.0,3,1,23.0,1,0,13.9,8,2,test,1
1064,1065,-1.0,3,1,29.881137667304014,0,0,7.2292,8,0,test,0
1065,1066,-1.0,3,1,40.0,1,5,31.3875,8,2,test,6
1066,1067,-1.0,2,0,15.0,0,2,39.0,8,2,test,2
1067,1068,-1.0,2,0,20.0,0,0,36.75,8,2,test,0
1068,1069,-1.0,1,1,54.0,1,0,55.4417,2,0,test,1
1069,1070,-1.0,2,0,36.0,0,3,39.0,5,2,test,3
1070,1071,-1.0,1,0,64.0,0,2,83.1583,4,0,test,2
1071,1072,-1.0,2,1,30.0,0,0,13.0,8,2,test,0
1072,1073,-1.0,1,1,37.0,1,1,83.1583,4,0,test,2
1073,1074,-1.0,1,0,18.0,1,0,53.1,3,2,test,1
1074,1075,-1.0,3,1,29.881137667304014,0,0,7.75,8,1,test,0
1075,1076,-1.0,1,0,27.0,1,1,247.5208,1,0,test,2
1076,1077,-1.0,2,1,40.0,0,0,16.0,8,2,test,0
1077,1078,-1.0,2,0,21.0,0,1,21.0,8,2,test,1
1078,1079,-1.0,3,1,17.0,2,0,8.05,8,2,test,2
1079,1080,-1.0,3,0,29.881137667304014,8,2,69.55,8,2,test,10
1080,1081,-1.0,2,1,40.0,0,0,13.0,8,2,test,0
1081,1082,-1.0,2,1,34.0,1,0,26.0,8,2,test,1
1082,1083,-1.0,1,1,29.881137667304014,0,0,26.0,8,2,test,0
1083,1084,-1.0,3,1,11.5,1,1,14.5,8,2,test,2
1084,1085,-1.0,2,1,61.0,0,0,12.35,8,1,test,0
1085,1086,-1.0,2,1,8.0,0,2,32.5,8,2,test,2
1086,1087,-1.0,3,1,33.0,0,0,7.8542,8,2,test,0
1087,1088,-1.0,1,1,6.0,0,2,134.5,4,0,test,2
1088,1089,-1.0,3,0,18.0,0,0,7.775,8,2,test,0
1089,1090,-1.0,2,1,23.0,0,0,10.5,8,2,test,0
1090,1091,-1.0,3,0,29.881137667304014,0,0,8.1125,8,2,test,0
1091,1092,-1.0,3,0,29.881137667304014,0,0,15.5,8,1,test,0
1092,1093,-1.0,3,1,0.33,0,2,14.4,8,2,test,2
1093,1094,-1.0,1,1,47.0,1,0,227.525,2,0,test,1
1094,1095,-1.0,2,0,8.0,1,1,26.0,8,2,test,2
1095,1096,-1.0,2,1,25.0,0,0,10.5,8,2,test,0
1096,1097,-1.0,1,1,29.881137667304014,0,0,25.7417,8,0,test,0
1097,1098,-1.0,3,0,35.0,0,0,7.75,8,1,test,0
1098,1099,-1.0,2,1,24.0,0,0,10.5,8,2,test,0
1099,1100,-1.0,1,0,33.0,0,0,27.7208,0,0,test,0
1100,1101,-1.0,3,1,25.0,0,0,7.8958,8,2,test,0
1101,1102,-1.0,3,1,32.0,0,0,22.525,8,2,test,0
1102,1103,-1.0,3,1,29.881137667304014,0,0,7.05,8,2,test,0
1103,1104,-1.0,2,1,17.0,0,0,73.5,8,2,test,0
1104,1105,-1.0,2,0,60.0,1,0,26.0,8,2,test,1
1105,1106,-1.0,3,0,38.0,4,2,7.775,8,2,test,6
1106,1107,-1.0,1,1,42.0,0,0,42.5,1,2,test,0
1107,1108,-1.0,3,0,29.881137667304014,0,0,7.8792,8,1,test,0
1108,1109,-1.0,1,1,57.0,1,1,164.8667,8,2,test,2
1109,1110,-1.0,1,0,50.0,1,1,211.5,2,0,test,2
1110,1111,-1.0,3,1,29.881137667304014,0,0,8.05,8,2,test,0
1111,1112,-1.0,2,0,30.0,1,0,13.8583,8,0,test,1
1112,1113,-1.0,3,1,21.0,0,0,8.05,8,2,test,0
1113,1114,-1.0,2,0,22.0,0,0,10.5,5,2,test,0
1114,1115,-1.0,3,1,21.0,0,0,7.7958,8,2,test,0
1115,1116,-1.0,1,0,53.0,0,0,27.4458,8,0,test,0
1116,1117,-1.0,3,0,29.881137667304014,0,2,15.2458,8,0,test,2
1117,1118,-1.0,3,1,23.0,0,0,7.7958,8,2,test,0
1118,1119,-1.0,3,0,29.881137667304014,0,0,7.75,8,1,test,0
1119,1120,-1.0,3,1,40.5,0,0,15.1,8,2,test,0
1120,1121,-1.0,2,1,36.0,0,0,13.0,8,2,test,0
1121,1122,-1.0,2,1,14.0,0,0,65.0,8,2,test,0
1122,1123,-1.0,1,0,21.0,0,0,26.55,8,2,test,0
1123,1124,-1.0,3,1,21.0,1,0,6.4958,8,2,test,1
1124,1125,-1.0,3,1,29.881137667304014,0,0,7.8792,8,1,test,0
1125,1126,-1.0,1,1,39.0,1,0,71.2833,2,0,test,1
1126,1127,-1.0,3,1,20.0,0,0,7.8542,8,2,test,0
1127,1128,-1.0,1,1,64.0,1,0,75.25,3,0,test,1
1128,1129,-1.0,3,1,20.0,0,0,7.225,8,0,test,0
1129,1130,-1.0,2,0,18.0,1,1,13.0,8,2,test,2
1130,1131,-1.0,1,0,48.0,1,0,106.425,2,0,test,1
1131,1132,-1.0,1,0,55.0,0,0,27.7208,8,0,test,0
1132,1133,-1.0,2,0,45.0,0,2,30.0,8,2,test,2
1133,1134,-1.0,1,1,45.0,1,1,134.5,4,0,test,2
1134,1135,-1.0,3,1,29.881137667304014,0,0,7.8875,8,2,test,0
1135,1136,-1.0,3,1,29.881137667304014,1,2,23.45,8,2,test,3
1136,1137,-1.0,1,1,41.0,1,0,51.8625,3,2,test,1
1137,1138,-1.0,2,0,22.0,0,0,21.0,8,2,test,0
1138,1139,-1.0,2,1,42.0,1,1,32.5,8,2,test,2
1139,1140,-1.0,2,0,29.0,1,0,26.0,8,2,test,1
1140,1141,-1.0,3,0,29.881137667304014,1,0,14.4542,8,0,test,1
1141,1142,-1.0,2,0,0.92,1,2,27.75,8,2,test,3
1142,1143,-1.0,3,1,20.0,0,0,7.925,8,2,test,0
1143,1144,-1.0,1,1,27.0,1,0,136.7792,2,0,test,1
1144,1145,-1.0,3,1,24.0,0,0,9.325,8,2,test,0
1145,1146,-1.0,3,1,32.5,0,0,9.5,8,2,test,0
1146,1147,-1.0,3,1,29.881137667304014,0,0,7.55,8,2,test,0
1147,1148,-1.0,3,1,29.881137667304014,0,0,7.75,8,1,test,0
1148,1149,-1.0,3,1,28.0,0,0,8.05,8,2,test,0
1149,1150,-1.0,2,0,19.0,0,0,13.0,8,2,test,0
1150,1151,-1.0,3,1,21.0,0,0,7.775,8,2,test,0
1151,1152,-1.0,3,1,36.5,1,0,17.4,8,2,test,1
1152,1153,-1.0,3,1,21.0,0,0,7.8542,8,2,test,0
1153,1154,-1.0,2,0,29.0,0,2,23.0,8,2,test,2
1154,1155,-1.0,3,0,1.0,1,1,12.1833,8,2,test,2
1155,1156,-1.0,2,1,30.0,0,0,12.7375,8,0,test,0
1156,1157,-1.0,3,1,29.881137667304014,0,0,7.8958,8,2,test,0
1157,1158,-1.0,1,1,29.881137667304014,0,0,0.0,8,2,test,0
1158,1159,-1.0,3,1,29.881137667304014,0,0,7.55,8,2,test,0
1159,1160,-1.0,3,0,29.881137667304014,0,0,8.05,8,2,test,0
1160,1161,-1.0,3,1,17.0,0,0,8.6625,8,2,test,0
1161,1162,-1.0,1,1,46.0,0,0,75.2417,2,0,test,0
1162,1163,-1.0,3,1,29.881137667304014,0,0,7.75,8,1,test,0
1163,1164,-1.0,1,0,26.0,1,0,136.7792,2,0,test,1
1164,1165,-1.0,3,0,29.881137667304014,1,0,15.5,8,1,test,1
1165,1166,-1.0,3,1,29.881137667304014,0,0,7.225,8,0,test,0
1166,1167,-1.0,2,0,20.0,1,0,26.0,8,2,test,1
1167,1168,-1.0,2,1,28.0,0,0,10.5,8,2,test,0
1168,1169,-1.0,2,1,40.0,1,0,26.0,8,2,test,1
1169,1170,-1.0,2,1,30.0,1,0,21.0,8,2,test,1
1170,1171,-1.0,2,1,22.0,0,0,10.5,8,2,test,0
1171,1172,-1.0,3,0,23.0,0,0,8.6625,8,2,test,0
1172,1173,-1.0,3,1,0.75,1,1,13.775,8,2,test,2
1173,1174,-1.0,3,0,29.881137667304014,0,0,7.75,8,1,test,0
1174,1175,-1.0,3,0,9.0,1,1,15.2458,8,0,test,2
1175,1176,-1.0,3,0,2.0,1,1,20.2125,8,2,test,2
1176,1177,-1.0,3,1,36.0,0,0,7.25,8,2,test,0
1177,1178,-1.0,3,1,29.881137667304014,0,0,7.25,8,2,test,0
1178,1179,-1.0,1,1,24.0,1,0,82.2667,1,2,test,1
1179,1180,-1.0,3,1,29.881137667304014,0,0,7.2292,5,0,test,0
1180,1181,-1.0,3,1,29.881137667304014,0,0,8.05,8,2,test,0
1181,1182,-1.0,1,1,29.881137667304014,0,0,39.6,8,2,test,0
1182,1183,-1.0,3,0,30.0,0,0,6.95,8,1,test,0
1183,1184,-1.0,3,1,29.881137667304014,0,0,7.2292,8,0,test,0
1184,1185,-1.0,1,1,53.0,1,1,81.8583,0,2,test,2
1185,1186,-1.0,3,1,36.0,0,0,9.5,8,2,test,0
1186,1187,-1.0,3,1,26.0,0,0,7.8958,8,2,test,0
1187,1188,-1.0,2,0,1.0,1,2,41.5792,8,0,test,3
1188,1189,-1.0,3,1,29.881137667304014,2,0,21.6792,8,0,test,2
1189,1190,-1.0,1,1,30.0,0,0,45.5,8,2,test,0
1190,1191,-1.0,3,1,29.0,0,0,7.8542,8,2,test,0
1191,1192,-1.0,3,1,32.0,0,0,7.775,8,2,test,0
1192,1193,-1.0,2,1,29.881137667304014,0,0,15.0458,3,0,test,0
1193,1194,-1.0,2,1,43.0,0,1,21.0,8,2,test,1
1194,1195,-1.0,3,1,24.0,0,0,8.6625,8,2,test,0
1195,1196,-1.0,3,0,29.881137667304014,0,0,7.75,8,1,test,0
1196,1197,-1.0,1,0,64.0,1,1,26.55,1,2,test,2
1197,1198,-1.0,1,1,30.0,1,2,151.55,2,2,test,3
1198,1199,-1.0,3,1,0.83,0,1,9.35,8,2,test,1
1199,1200,-1.0,1,1,55.0,1,1,93.5,1,2,test,2
1200,1201,-1.0,3,0,45.0,1,0,14.1083,8,2,test,1
1201,1202,-1.0,3,1,18.0,0,0,8.6625,8,2,test,0
1202,1203,-1.0,3,1,22.0,0,0,7.225,8,0,test,0
1203,1204,-1.0,3,1,29.881137667304014,0,0,7.575,8,2,test,0
1204,1205,-1.0,3,0,37.0,0,0,7.75,8,1,test,0
1205,1206,-1.0,1,0,55.0,0,0,135.6333,2,0,test,0
1206,1207,-1.0,3,0,17.0,0,0,7.7333,8,1,test,0
1207,1208,-1.0,1,1,57.0,1,0,146.5208,1,0,test,1
1208,1209,-1.0,2,1,19.0,0,0,10.5,8,2,test,0
1209,1210,-1.0,3,1,27.0,0,0,7.8542,8,2,test,0
1210,1211,-1.0,2,1,22.0,2,0,31.5,8,2,test,2
1211,1212,-1.0,3,1,26.0,0,0,7.775,8,2,test,0
1212,1213,-1.0,3,1,25.0,0,0,7.2292,5,0,test,0
1213,1214,-1.0,2,1,26.0,0,0,13.0,5,2,test,0
1214,1215,-1.0,1,1,33.0,0,0,26.55,8,2,test,0
1215,1216,-1.0,1,0,39.0,0,0,211.3375,8,2,test,0
1216,1217,-1.0,3,1,23.0,0,0,7.05,8,2,test,0
1217,1218,-1.0,2,0,12.0,2,1,39.0,5,2,test,3
1218,1219,-1.0,1,1,46.0,0,0,79.2,8,0,test,0
1219,1220,-1.0,2,1,29.0,1,0,26.0,8,2,test,1
1220,1221,-1.0,2,1,21.0,0,0,13.0,8,2,test,0
1221,1222,-1.0,2,0,48.0,0,2,36.75,8,2,test,2
1222,1223,-1.0,1,1,39.0,0,0,29.7,0,0,test,0
1223,1224,-1.0,3,1,29.881137667304014,0,0,7.225,8,0,test,0
1224,1225,-1.0,3,0,19.0,1,1,15.7417,8,0,test,2
1225,1226,-1.0,3,1,27.0,0,0,7.8958,8,2,test,0
1226,1227,-1.0,1,1,30.0,0,0,26.0,2,2,test,0
1227,1228,-1.0,2,1,32.0,0,0,13.0,8,2,test,0
1228,1229,-1.0,3,1,39.0,0,2,7.2292,8,0,test,2
1229,1230,-1.0,2,1,25.0,0,0,31.5,8,2,test,0
1230,1231,-1.0,3,1,29.881137667304014,0,0,7.2292,8,0,test,0
1231,1232,-1.0,2,1,18.0,0,0,10.5,8,2,test,0
1232,1233,-1.0,3,1,32.0,0,0,7.5792,8,2,test,0
1233,1234,-1.0,3,1,29.881137667304014,1,9,69.55,8,2,test,10
1234,1235,-1.0,1,0,58.0,0,1,512.3292,1,0,test,1
1235,1236,-1.0,3,1,29.881137667304014,1,1,14.5,8,2,test,2
1236,1237,-1.0,3,0,16.0,0,0,7.65,8,2,test,0
1237,1238,-1.0,2,1,26.0,0,0,13.0,8,2,test,0
1238,1239,-1.0,3,0,38.0,0,0,7.2292,8,0,test,0
1239,1240,-1.0,2,1,24.0,0,0,13.5,8,2,test,0
1240,1241,-1.0,2,0,31.0,0,0,21.0,8,2,test,0
1241,1242,-1.0,1,0,45.0,0,1,63.3583,3,0,test,1
1242,1243,-1.0,2,1,25.0,0,0,10.5,8,2,test,0
1243,1244,-1.0,2,1,18.0,0,0,73.5,8,2,test,0
1244,1245,-1.0,2,1,49.0,1,2,65.0,8,2,test,3
1245,1246,-1.0,3,0,0.17,1,2,20.575,8,2,test,3
1246,1247,-1.0,1,1,50.0,0,0,26.0,4,2,test,0
1247,1248,-1.0,1,0,59.0,2,0,51.4792,2,2,test,2
1248,1249,-1.0,3,1,29.881137667304014,0,0,7.8792,8,2,test,0
1249,1250,-1.0,3,1,29.881137667304014,0,0,7.75,8,1,test,0
1250,1251,-1.0,3,0,30.0,1,0,15.55,8,2,test,1
1251,1252,-1.0,3,1,14.5,8,2,69.55,8,2,test,10
1252,1253,-1.0,2,0,24.0,1,1,37.0042,8,0,test,2
1253,1254,-1.0,2,0,31.0,0,0,21.0,8,2,test,0
1254,1255,-1.0,3,1,27.0,0,0,8.6625,8,2,test,0
1255,1256,-1.0,1,0,25.0,1,0,55.4417,4,0,test,1
1256,1257,-1.0,3,0,29.881137667304014,1,9,69.55,8,2,test,10
1257,1258,-1.0,3,1,29.881137667304014,1,0,14.4583,8,0,test,1
1258,1259,-1.0,3,0,22.0,0,0,39.6875,8,2,test,0
1259,1260,-1.0,1,0,45.0,0,1,59.4,8,0,test,1
1260,1261,-1.0,2,1,29.0,0,0,13.8583,8,0,test,0
1261,1262,-1.0,2,1,21.0,1,0,11.5,8,2,test,1
1262,1263,-1.0,1,0,31.0,0,0,134.5,4,0,test,0
1263,1264,-1.0,1,1,49.0,0,0,0.0,1,2,test,0
1264,1265,-1.0,2,1,44.0,0,0,13.0,8,2,test,0
1265,1266,-1.0,1,0,54.0,1,1,81.8583,0,2,test,2
1266,1267,-1.0,1,0,45.0,0,0,262.375,8,0,test,0
1267,1268,-1.0,3,0,22.0,2,0,8.6625,8,2,test,2
1268,1269,-1.0,2,1,21.0,0,0,11.5,8,2,test,0
1269,1270,-1.0,1,1,55.0,0,0,50.0,2,2,test,0
1270,1271,-1.0,3,1,5.0,4,2,31.3875,8,2,test,6
1271,1272,-1.0,3,1,29.881137667304014,0,0,7.75,8,1,test,0
1272,1273,-1.0,3,1,26.0,0,0,7.8792,8,1,test,0
1273,1274,-1.0,3,0,29.881137667304014,0,0,14.5,8,2,test,0
1274,1275,-1.0,3,0,19.0,1,0,16.1,8,2,test,1
1275,1276,-1.0,2,1,29.881137667304014,0,0,12.875,8,2,test,0
1276,1277,-1.0,2,0,24.0,1,2,65.0,8,2,test,3
1277,1278,-1.0,3,1,24.0,0,0,7.775,8,2,test,0
1278,1279,-1.0,2,1,57.0,0,0,13.0,8,2,test,0
1279,1280,-1.0,3,1,21.0,0,0,7.75,8,1,test,0
1280,1281,-1.0,3,1,6.0,3,1,21.075,8,2,test,4
1281,1282,-1.0,1,1,23.0,0,0,93.5,1,2,test,0
1282,1283,-1.0,1,0,51.0,0,1,39.4,3,2,test,1
1283,1284,-1.0,3,1,13.0,0,2,20.25,8,2,test,2
1284,1285,-1.0,2,1,47.0,0,0,10.5,8,2,test,0
1285,1286,-1.0,3,1,29.0,3,1,22.025,8,2,test,4
1286,1287,-1.0,1,0,18.0,1,0,60.0,2,2,test,1
1287,1288,-1.0,3,1,24.0,0,0,7.25,8,1,test,0
1288,1289,-1.0,1,0,48.0,1,1,79.2,1,0,test,2
1289,1290,-1.0,3,1,22.0,0,0,7.775,8,2,test,0
1290,1291,-1.0,3,1,31.0,0,0,7.7333,8,1,test,0
1291,1292,-1.0,1,0,30.0,0,0,164.8667,2,2,test,0
1292,1293,-1.0,2,1,38.0,1,0,21.0,8,2,test,1
1293,1294,-1.0,1,0,22.0,0,1,59.4,8,0,test,1
1294,1295,-1.0,1,1,17.0,0,0,47.1,8,2,test,0
1295,1296,-1.0,1,1,43.0,1,0,27.7208,3,0,test,1
1296,1297,-1.0,2,1,20.0,0,0,13.8625,3,0,test,0
1297,1298,-1.0,2,1,23.0,1,0,10.5,8,2,test,1
1298,1299,-1.0,1,1,50.0,1,1,211.5,2,0,test,2
1299,1300,-1.0,3,0,29.881137667304014,0,0,7.7208,8,1,test,0
1300,1301,-1.0,3,0,3.0,1,1,13.775,8,2,test,2
1301,1302,-1.0,3,0,29.881137667304014,0,0,7.75,8,1,test,0
1302,1303,-1.0,1,0,37.0,1,0,90.0,2,1,test,1
1303,1304,-1.0,3,0,28.0,0,0,7.775,8,2,test,0
1304,1305,-1.0,3,1,29.881137667304014,0,0,8.05,8,2,test,0
1305,1306,-1.0,1,0,39.0,0,0,108.9,2,0,test,0
1306,1307,-1.0,3,1,38.5,0,0,7.25,8,2,test,0
1307,1308,-1.0,3,1,29.881137667304014,0,0,8.05,8,2,test,0
1308,1309,-1.0,3,1,29.881137667304014,1,1,22.3583,8,0,test,2
